run,app,scenario,timestamp,startup_ms,total_bytes,n_processes,warnings,position
1,pgadmin,query,2026-10-04T05:30:44,4147,902159344,6,,1
1,dbgate,query,2026-10-04T05:31:14,958,658041440,9,,2
1,pgpad,query,2026-10-04T05:31:49,322,280155584,8,,3
1,dbeaver,query,2026-10-04T05:32:21,3590,721455792,2,,4
2,dbgate,query,2026-10-04T05:32:50,800,651651800,9,,1
2,pgadmin,query,2026-10-04T05:33:29,4360,910056360,6,,2
2,dbeaver,query,2026-10-04T05:34:02,3645,727206576,2,,3
2,pgpad,query,2026-10-04T05:34:31,346,260674000,6,,4
3,dbgate,query,2026-10-04T05:35:00,884,671918760,9,,1
3,pgpad,query,2026-10-04T05:35:35,334,258380120,6,,2
3,pgadmin,query,2026-10-04T05:36:08,4340,865295272,6,,3
3,dbeaver,query,2026-10-04T05:36:40,3589,716344008,2,,4
4,dbgate,query,2026-10-04T05:37:10,886,686893832,9,,1
4,pgpad,query,2026-10-04T05:37:45,346,260444648,6,,2
4,dbeaver,query,2026-10-04T05:38:17,3364,720571080,2,,3
4,pgadmin,query,2026-10-04T05:38:50,4311,872815528,6,,4
5,pgadmin,query,2026-10-04T05:39:23,4145,759618496,6,,1
5,dbeaver,query,2026-10-04T05:39:56,3613,722422520,2,,2
5,dbgate,query,2026-10-04T05:40:25,866,671984296,9,,3
5,pgpad,query,2026-10-04T05:41:00,334,261116320,6,,4
6,dbeaver,query,2026-10-04T05:41:32,3310,731368088,2,,1
6,pgadmin,query,2026-10-04T05:42:05,4332,904797216,6,,2
6,pgpad,query,2026-10-04T05:42:35,363,262164992,6,,3
6,dbgate,query,2026-10-04T05:43:04,880,673508080,9,,4
7,dbeaver,query,2026-10-04T05:43:42,3656,749374272,2,,1
7,pgpad,query,2026-10-04T05:44:11,359,259805600,6,,2
7,dbgate,query,2026-10-04T05:44:41,872,668609192,9,,3
7,pgadmin,query,2026-10-04T05:45:20,4357,909810696,6,,4
8,dbeaver,query,2026-10-04T05:45:52,3617,729598640,2,,1
8,pgpad,query,2026-10-04T05:46:21,337,261280328,6,,2
8,dbgate,query,2026-10-04T05:46:51,873,676063984,9,,3
8,pgadmin,query,2026-10-04T05:47:29,4144,887937960,6,,4
9,pgpad,query,2026-10-04T05:47:59,346,261558712,6,,1
9,dbgate,query,2026-10-04T05:48:28,868,659974776,9,,2
9,pgadmin,query,2026-10-04T05:49:07,4139,837540824,6,,3
9,dbeaver,query,2026-10-04T05:49:39,3649,725518976,2,,4
10,pgpad,query,2026-10-04T05:50:08,343,258167272,6,,1
10,pgadmin,query,2026-10-04T05:50:41,4195,890624960,6,,2
10,dbgate,query,2026-10-04T05:51:11,867,672393896,9,,3
10,dbeaver,query,2026-10-04T05:51:49,3591,728320736,2,,4
11,dbgate,query,2026-10-04T05:52:19,750,650898136,9,,1
11,dbeaver,query,2026-10-04T05:52:57,3303,710183552,2,,2
11,pgadmin,query,2026-10-04T05:53:30,4353,884071336,6,,3
11,pgpad,query,2026-10-04T05:53:59,351,257069544,6,,4
12,dbeaver,query,2026-10-04T05:54:31,3572,721914544,2,,1
12,pgadmin,query,2026-10-04T05:55:04,4188,784669584,6,,2
12,pgpad,query,2026-10-04T05:55:34,357,259691056,6,,3
12,dbgate,query,2026-10-04T05:56:03,867,670231232,9,,4
13,dbgate,query,2026-10-04T05:56:38,654,666249944,9,,1
13,dbeaver,query,2026-10-04T05:57:17,3590,747260664,2,,2
13,pgadmin,query,2026-10-04T05:57:50,4350,890657728,6,,3
13,pgpad,query,2026-10-04T05:58:19,350,258462232,6,,4
14,pgpad,query,2026-10-04T05:58:48,343,259969512,6,,1
14,dbeaver,query,2026-10-04T05:59:20,3376,722832096,2,,2
14,pgadmin,query,2026-10-04T05:59:53,4136,750050168,6,,3
14,dbgate,query,2026-10-04T06:00:23,880,680520336,9,,4
15,dbgate,query,2026-10-04T06:00:58,654,669592352,9,,1
15,pgadmin,query,2026-10-04T06:01:36,4324,868916112,6,,2
15,pgpad,query,2026-10-04T06:02:06,363,259002928,6,,3
15,dbeaver,query,2026-10-04T06:02:38,3624,725469920,2,,4
16,pgpad,query,2026-10-04T06:03:07,344,262509032,6,,1
16,pgadmin,query,2026-10-04T06:03:40,4349,870882192,6,,2
16,dbgate,query,2026-10-04T06:04:10,872,646769368,9,,3
16,dbeaver,query,2026-10-04T06:04:48,3539,732089008,2,,4
17,dbgate,query,2026-10-04T06:05:17,715,675113760,9,,1
17,pgpad,query,2026-10-04T06:05:52,348,262083072,6,,2
17,pgadmin,query,2026-10-04T06:06:25,4349,771693408,6,,3
17,dbeaver,query,2026-10-04T06:06:57,3604,729467592,2,,4
18,pgadmin,query,2026-10-04T06:07:31,4341,905861984,6,,1
18,dbgate,query,2026-10-04T06:08:01,862,677784232,9,,2
18,pgpad,query,2026-10-04T06:08:35,354,258593304,6,,3
18,dbeaver,query,2026-10-04T06:09:07,3624,736103088,2,,4
19,pgadmin,query,2026-10-04T06:09:40,4346,883415928,6,,1
19,dbeaver,query,2026-10-04T06:10:13,3633,725142240,2,,2
19,dbgate,query,2026-10-04T06:10:43,874,675326752,9,,3
19,pgpad,query,2026-10-04T06:11:18,349,259265000,6,,4
20,dbgate,query,2026-10-04T06:11:47,854,671705840,9,,1
20,pgpad,query,2026-10-04T06:12:22,346,256086456,6,,2
20,dbeaver,query,2026-10-04T06:12:54,3624,730811056,2,,3
20,pgadmin,query,2026-10-04T06:13:27,4339,831478744,6,,4
21,dbgate,query,2026-10-04T06:13:57,862,686877400,9,,1
21,pgadmin,query,2026-10-04T06:14:36,4137,909401024,6,,2
21,pgpad,query,2026-10-04T06:15:05,357,260379136,6,,3
21,dbeaver,query,2026-10-04T06:15:37,3628,728140560,2,,4
22,pgpad,query,2026-10-04T06:16:06,358,257446424,6,,1
22,pgadmin,query,2026-10-04T06:16:39,4326,794434448,6,,2
22,dbeaver,query,2026-10-04T06:17:12,3449,724306560,2,,3
22,dbgate,query,2026-10-04T06:17:41,871,674982568,9,,4
23,pgpad,query,2026-10-04T06:18:16,343,261591504,6,,1
23,dbeaver,query,2026-10-04T06:18:48,3269,729418416,2,,2
23,pgadmin,query,2026-10-04T06:19:21,4311,870013816,6,,3
23,dbgate,query,2026-10-04T06:19:51,865,682093272,9,,4
24,pgpad,query,2026-10-04T06:20:26,362,256037424,6,,1
24,dbgate,query,2026-10-04T06:20:55,822,661760776,9,,2
24,pgadmin,query,2026-10-04T06:21:34,4317,890231744,6,,3
24,dbeaver,query,2026-10-04T06:22:07,3618,734989024,2,,4
25,pgpad,query,2026-10-04T06:22:36,351,262820328,6,,1
25,pgadmin,query,2026-10-04T06:23:08,4279,886447064,6,,2
25,dbgate,query,2026-10-04T06:23:38,872,671017664,9,,3
25,dbeaver,query,2026-10-04T06:24:16,3616,738036448,2,,4
26,dbeaver,query,2026-10-04T06:24:48,3251,728107672,2,,1
26,pgpad,query,2026-10-04T06:25:18,355,262263296,6,,2
26,pgadmin,query,2026-10-04T06:25:50,4341,869997600,6,,3
26,dbgate,query,2026-10-04T06:26:20,870,661236440,9,,4
27,pgpad,query,2026-10-04T06:26:55,349,257905032,6,,1
27,dbeaver,query,2026-10-04T06:27:27,3622,731253400,2,,2
27,pgadmin,query,2026-10-04T06:28:00,4356,771808120,6,,3
27,dbgate,query,2026-10-04T06:28:30,871,681061104,9,,4
28,dbgate,query,2026-10-04T06:29:06,659,657697424,9,,1
28,dbeaver,query,2026-10-04T06:29:44,3630,726928024,2,,2
28,pgpad,query,2026-10-04T06:30:13,353,263377456,6,,3
28,pgadmin,query,2026-10-04T06:30:46,4375,906746840,6,,4
29,pgadmin,query,2026-10-04T06:31:19,4153,801512288,6,,1
29,pgpad,query,2026-10-04T06:31:48,354,257217024,6,,2
29,dbgate,query,2026-10-04T06:32:17,864,675687032,9,,3
29,dbeaver,query,2026-10-04T06:32:56,3618,751962848,2,,4
30,dbeaver,query,2026-10-04T06:33:28,3297,733874792,2,,1
30,pgadmin,query,2026-10-04T06:34:01,4365,865524552,6,,2
30,dbgate,query,2026-10-04T06:34:31,859,672639632,9,,3
30,pgpad,query,2026-10-04T06:35:06,348,260657688,6,,4
31,pgadmin,query,2026-10-04T06:35:38,4158,778328976,6,,1
31,dbeaver,query,2026-10-04T06:36:11,3622,735103616,2,,2
31,pgpad,query,2026-10-04T06:36:40,355,259412408,6,,3
31,dbgate,query,2026-10-04T06:37:09,861,669674272,9,,4
32,dbeaver,query,2026-10-04T06:37:47,3163,721160928,2,,1
32,dbgate,query,2026-10-04T06:38:17,825,664693368,9,,2
32,pgpad,query,2026-10-04T06:38:52,360,257151392,6,,3
32,pgadmin,query,2026-10-04T06:39:25,4367,808000448,6,,4
33,dbgate,query,2026-10-04T06:39:54,714,692644568,9,,1
33,pgadmin,query,2026-10-04T06:40:33,4288,891558872,6,,2
33,pgpad,query,2026-10-04T06:41:03,363,260936192,6,,3
33,dbeaver,query,2026-10-04T06:41:35,3593,751946464,2,,4
34,pgpad,query,2026-10-04T06:42:04,339,259510760,6,,1
34,pgadmin,query,2026-10-04T06:42:36,4344,791600016,6,,2
34,dbeaver,query,2026-10-04T06:43:09,3331,719768192,2,,3
34,dbgate,query,2026-10-04T06:43:39,861,689023656,9,,4
35,dbeaver,query,2026-10-04T06:44:16,3270,720538312,2,,1
35,pgadmin,query,2026-10-04T06:44:50,4349,886447088,6,,2
35,dbgate,query,2026-10-04T06:45:20,868,666053360,9,,3
35,pgpad,query,2026-10-04T06:45:55,345,260035048,6,,4
36,pgadmin,query,2026-10-04T06:46:27,4215,870652888,6,,1
36,dbeaver,query,2026-10-04T06:47:00,3613,721603320,2,,2
36,pgpad,query,2026-10-04T06:47:29,355,260936144,6,,3
36,dbgate,query,2026-10-04T06:47:58,863,673622720,9,,4
37,dbgate,query,2026-10-04T06:48:33,674,657484528,9,,1
37,dbeaver,query,2026-10-04T06:49:12,3630,739232504,2,,2
37,pgpad,query,2026-10-04T06:49:41,343,260493752,6,,3
37,pgadmin,query,2026-10-04T06:50:14,4341,885365768,6,,4
38,dbeaver,query,2026-10-04T06:50:46,3591,723634816,2,,1
38,pgpad,query,2026-10-04T06:51:16,341,261231008,6,,2
38,dbgate,query,2026-10-04T06:51:45,880,655403808,9,,3
38,pgadmin,query,2026-10-04T06:52:24,4336,886152176,6,,4
39,pgadmin,query,2026-10-04T06:52:57,4133,910760776,6,,1
39,dbeaver,query,2026-10-04T06:53:30,3605,715655904,2,,2
39,dbgate,query,2026-10-04T06:54:00,899,681896616,9,,3
39,pgpad,query,2026-10-04T06:54:35,360,260461008,6,,4
40,pgadmin,query,2026-10-04T06:55:07,4360,833592232,6,,1
40,pgpad,query,2026-10-04T06:55:37,350,261050832,6,,2
40,dbeaver,query,2026-10-04T06:56:09,3640,731105944,2,,3
40,dbgate,query,2026-10-04T06:56:38,864,686254880,9,,4
41,pgpad,query,2026-10-04T06:57:13,344,262935040,6,,1
41,dbgate,query,2026-10-04T06:57:42,664,673360576,9,,2
41,pgadmin,query,2026-10-04T06:58:21,4325,869637032,6,,3
41,dbeaver,query,2026-10-04T06:58:54,3626,737381064,2,,4
42,dbeaver,query,2026-10-04T06:59:26,3320,724290248,2,,1
42,dbgate,query,2026-10-04T06:59:56,876,684452544,9,,2
42,pgpad,query,2026-10-04T07:00:31,339,261968312,6,,3
42,pgadmin,query,2026-10-04T07:01:03,4345,862231512,6,,4
43,pgpad,query,2026-10-04T07:01:33,358,262246888,6,,1
43,pgadmin,query,2026-10-04T07:02:05,4257,881531792,6,,2
43,dbeaver,query,2026-10-04T07:02:38,3597,735709920,2,,3
43,dbgate,query,2026-10-04T07:03:08,866,658287320,9,,4
44,dbeaver,query,2026-10-04T07:03:46,3284,722635416,2,,1
44,pgpad,query,2026-10-04T07:04:15,343,260903424,6,,2
44,pgadmin,query,2026-10-04T07:04:47,4359,760617752,6,,3
44,dbgate,query,2026-10-04T07:05:17,719,673131080,9,,4
45,pgpad,query,2026-10-04T07:05:52,331,262656440,6,,1
45,pgadmin,query,2026-10-04T07:06:24,4317,899865440,6,,2
45,dbgate,query,2026-10-04T07:06:54,876,665054008,9,,3
45,dbeaver,query,2026-10-04T07:07:33,3638,735742664,2,,4
46,pgpad,query,2026-10-04T07:08:02,344,260510112,6,,1
46,dbeaver,query,2026-10-04T07:08:33,3316,713804440,2,,2
46,pgadmin,query,2026-10-04T07:09:07,4349,750328600,6,,3
46,dbgate,query,2026-10-04T07:09:37,872,689744672,9,,4
47,pgadmin,query,2026-10-04T07:10:15,4389,773086024,6,,1
47,pgpad,query,2026-10-04T07:10:45,360,258478640,6,,2
47,dbgate,query,2026-10-04T07:11:14,876,676915928,9,,3
47,dbeaver,query,2026-10-04T07:11:52,3593,732056264,2,,4
