run,position,app
1,1,pgadmin
1,2,dbgate
1,3,pgpad
1,4,dbeaver
2,1,dbgate
2,2,pgadmin
2,3,dbeaver
2,4,pgpad
3,1,dbgate
3,2,pgpad
3,3,pgadmin
3,4,dbeaver
4,1,dbgate
4,2,pgpad
4,3,dbeaver
4,4,pgadmin
5,1,pgadmin
5,2,dbeaver
5,3,dbgate
5,4,pgpad
6,1,dbeaver
6,2,pgadmin
6,3,pgpad
6,4,dbgate
7,1,dbeaver
7,2,pgpad
7,3,dbgate
7,4,pgadmin
8,1,dbeaver
8,2,pgpad
8,3,dbgate
8,4,pgadmin
9,1,pgpad
9,2,dbgate
9,3,pgadmin
9,4,dbeaver
10,1,pgpad
10,2,pgadmin
10,3,dbgate
10,4,dbeaver
11,1,dbgate
11,2,dbeaver
11,3,pgadmin
11,4,pgpad
12,1,dbeaver
12,2,pgadmin
12,3,pgpad
12,4,dbgate
13,1,dbgate
13,2,dbeaver
13,3,pgadmin
13,4,pgpad
14,1,pgpad
14,2,dbeaver
14,3,pgadmin
14,4,dbgate
15,1,dbgate
15,2,pgadmin
15,3,pgpad
15,4,dbeaver
16,1,pgpad
16,2,pgadmin
16,3,dbgate
16,4,dbeaver
17,1,dbgate
17,2,pgpad
17,3,pgadmin
17,4,dbeaver
18,1,pgadmin
18,2,dbgate
18,3,pgpad
18,4,dbeaver
19,1,pgadmin
19,2,dbeaver
19,3,dbgate
19,4,pgpad
20,1,dbgate
20,2,pgpad
20,3,dbeaver
20,4,pgadmin
21,1,dbgate
21,2,pgadmin
21,3,pgpad
21,4,dbeaver
22,1,pgpad
22,2,pgadmin
22,3,dbeaver
22,4,dbgate
23,1,pgpad
23,2,dbeaver
23,3,pgadmin
23,4,dbgate
24,1,pgpad
24,2,dbgate
24,3,pgadmin
24,4,dbeaver
25,1,pgpad
25,2,pgadmin
25,3,dbgate
25,4,dbeaver
26,1,dbeaver
26,2,pgpad
26,3,pgadmin
26,4,dbgate
27,1,pgpad
27,2,dbeaver
27,3,pgadmin
27,4,dbgate
28,1,dbgate
28,2,dbeaver
28,3,pgpad
28,4,pgadmin
29,1,pgadmin
29,2,pgpad
29,3,dbgate
29,4,dbeaver
30,1,dbeaver
30,2,pgadmin
30,3,dbgate
30,4,pgpad
31,1,pgadmin
31,2,dbeaver
31,3,pgpad
31,4,dbgate
32,1,dbeaver
32,2,dbgate
32,3,pgpad
32,4,pgadmin
33,1,dbgate
33,2,pgadmin
33,3,pgpad
33,4,dbeaver
34,1,pgpad
34,2,pgadmin
34,3,dbeaver
34,4,dbgate
35,1,dbeaver
35,2,pgadmin
35,3,dbgate
35,4,pgpad
36,1,pgadmin
36,2,dbeaver
36,3,pgpad
36,4,dbgate
37,1,dbgate
37,2,dbeaver
37,3,pgpad
37,4,pgadmin
38,1,dbeaver
38,2,pgpad
38,3,dbgate
38,4,pgadmin
39,1,pgadmin
39,2,dbeaver
39,3,dbgate
39,4,pgpad
40,1,pgadmin
40,2,pgpad
40,3,dbeaver
40,4,dbgate
41,1,pgpad
41,2,dbgate
41,3,pgadmin
41,4,dbeaver
42,1,dbeaver
42,2,dbgate
42,3,pgpad
42,4,pgadmin
43,1,pgpad
43,2,pgadmin
43,3,dbeaver
43,4,dbgate
44,1,dbeaver
44,2,pgpad
44,3,pgadmin
44,4,dbgate
45,1,pgpad
45,2,pgadmin
45,3,dbgate
45,4,dbeaver
46,1,pgpad
46,2,dbeaver
46,3,pgadmin
46,4,dbgate
47,1,pgadmin
47,2,pgpad
47,3,dbgate
47,4,dbeaver
