run,app,scenario,timestamp,startup_ms,total_bytes,n_processes,warnings
1,pgpad,idle,2026-10-03T18:16:51,358,151899880,5,
1,pgpad,query,2026-10-03T18:17:14,358,246010464,6,
1,dbeaver,idle,2026-10-03T18:17:58,3876,712510104,2,
1,dbeaver,query,2026-10-03T18:18:32,3876,719145744,2,
1,pgadmin,idle,2026-10-03T18:19:18,5933,694017056,6,
1,pgadmin,query,2026-10-03T18:19:44,5933,679484640,6,
1,dbgate,idle,2026-10-03T18:20:26,872,480339280,8,
1,dbgate,query,2026-10-03T18:20:53,872,509142400,8,
2,dbeaver,idle,2026-10-03T18:21:44,3876,705399448,2,
2,dbeaver,query,2026-10-03T18:22:17,3876,717589192,2,
2,pgadmin,idle,2026-10-03T18:23:04,5957,701111616,6,
2,pgadmin,query,2026-10-03T18:23:30,5957,639278592,6,
2,dbgate,idle,2026-10-03T18:24:12,877,481191344,8,
2,dbgate,query,2026-10-03T18:24:39,877,526853528,8,
2,pgpad,idle,2026-10-03T18:25:30,382,158486152,5,
2,pgpad,query,2026-10-03T18:25:53,382,251679232,6,
