run,app,t_seconds,phase,total_bytes,n_processes,cpu_seconds,cpu_percent
1,pgpad,0.254,launch,17236928,1,0.1284,
1,pgpad,0.506,settle,47303176,4,0.3911,91.1
1,pgpad,0.757,settle,49138304,4,0.4805,36.0
1,pgpad,1.012,settle,225119784,5,0.7929,120.9
1,pgpad,1.263,settle,224382504,5,0.7948,0.7
1,pgpad,1.515,settle,219942440,5,0.8013,2.6
1,pgpad,1.770,settle,215633448,5,0.8195,7.0
1,pgpad,2.023,settle,215207464,5,0.8273,3.0
1,pgpad,2.273,settle,156536360,5,0.8318,1.8
1,pgpad,2.529,settle,155602472,5,0.8334,0.6
1,pgpad,2.783,settle,155422248,5,0.8344,0.4
1,pgpad,3.038,settle,155422248,5,0.8353,0.3
1,pgpad,3.294,settle,155356712,5,0.8362,0.4
1,pgpad,3.551,settle,155323944,5,0.8367,0.2
1,pgpad,3.806,settle,155323944,5,0.8371,0.2
1,pgpad,4.057,settle,155323944,5,0.8375,0.1
1,pgpad,4.310,settle,155323944,5,0.8376,0.1
1,pgpad,4.564,settle,155323944,5,0.8379,0.1
1,pgpad,4.819,settle,155323944,5,0.8379,0.0
1,pgpad,5.072,settle,155323944,5,0.8379,0.0
1,pgpad,5.327,settle,155176488,5,0.8388,0.3
1,pgpad,5.582,query,155176488,5,0.8432,1.8
1,pgpad,5.836,query,155127336,5,0.8436,0.1
1,pgpad,6.091,query,155094568,5,0.8441,0.2
1,pgpad,6.346,query,155012648,5,0.8445,0.1
1,pgpad,6.599,query,154979880,5,0.8453,0.3
1,pgpad,6.854,query,154930728,5,0.8456,0.1
1,pgpad,7.109,query,154930728,5,0.8457,0.0
1,pgpad,7.364,query,154881576,5,0.8458,0.1
1,pgpad,7.619,query,154881576,5,0.8458,0.0
1,pgpad,7.874,query,154881576,5,0.8462,0.1
1,pgpad,8.127,query,154881576,5,0.8462,0.0
1,pgpad,8.381,query,154881576,5,0.8462,0.0
1,pgpad,8.636,query,154881576,5,0.8462,0.0
1,pgpad,8.891,query,154783272,5,0.8517,2.2
1,pgpad,9.142,query,154914344,5,0.8636,4.7
1,pgpad,9.394,query,154914344,5,0.8649,0.5
1,pgpad,9.649,query,154914344,5,0.8655,0.2
1,pgpad,9.902,query,154914344,5,0.8661,0.2
1,pgpad,10.157,query,154914344,5,0.8664,0.1
1,pgpad,10.409,query,154914344,5,0.8669,0.2
1,pgpad,10.661,query,231280216,5,0.8985,12.6
1,pgpad,10.916,query,288870048,5,1.0330,52.1
1,pgpad,11.172,query,288722592,5,1.0360,1.2
1,pgpad,11.427,query,288149152,5,1.0420,2.3
1,pgpad,11.682,query,287952544,5,1.0448,1.1
1,pgpad,11.935,query,239029920,5,1.0945,19.5
1,pgpad,12.190,query,248189200,6,1.2287,53.3
1,pgpad,12.441,query,261935376,6,1.2694,16.5
1,pgpad,12.696,query,261886224,6,1.2721,1.0
1,pgpad,12.948,query,271749416,6,1.3196,18.9
1,pgpad,13.199,query,271733032,6,1.3225,1.2
1,pgpad,13.454,query,270258472,6,1.3457,9.0
1,pgpad,13.708,query,270356776,6,1.3753,11.8
1,pgpad,13.963,query,228856104,6,1.3797,1.7
1,pgpad,14.219,query,228757800,6,1.3842,1.8
1,pgpad,14.473,query,363712928,6,1.7149,130.9
1,pgpad,14.724,query,350998944,6,1.7178,1.1
1,pgpad,14.978,query,349065632,6,1.7296,4.7
1,pgpad,15.232,query,348656032,6,1.7372,3.0
1,pgpad,15.487,query,347476384,6,1.7500,4.9
1,pgpad,15.739,query,256872864,6,1.7547,1.9
1,pgpad,15.990,query,256872864,6,1.7562,0.6
1,pgpad,16.245,query,256774560,6,1.7697,5.3
1,pgpad,16.500,query,387486136,6,1.8665,38.1
1,pgpad,16.755,query,387830200,6,1.8807,5.5
1,pgpad,17.006,query,388829624,6,1.9683,35.1
1,pgpad,17.261,query,388846008,6,1.9984,11.8
1,pgpad,17.516,query,387273144,6,2.0770,31.0
1,pgpad,17.771,query,387240376,6,2.0801,1.2
1,pgpad,18.026,query,387289528,6,2.1060,10.2
1,pgpad,18.280,after-query,387649976,6,2.1805,29.5
1,pgpad,18.536,after-query,371446200,6,2.1831,1.0
1,pgpad,18.787,after-query,371413432,6,2.1880,1.9
1,pgpad,19.042,after-query,371118520,6,2.1896,0.7
1,pgpad,19.293,after-query,342757816,6,2.1927,1.2
1,pgpad,19.548,after-query,256315832,6,2.1944,0.7
1,pgpad,19.802,after-query,256233912,6,2.1957,0.5
1,pgpad,20.058,after-query,256233912,6,2.1966,0.4
1,pgpad,20.311,after-query,256135608,6,2.1972,0.3
1,pgpad,20.564,after-query,256135608,6,2.1975,0.1
1,pgpad,20.819,after-query,256119224,6,2.1977,0.1
1,pgpad,21.072,after-query,256168376,6,2.2053,3.0
1,pgpad,21.324,after-query,256168376,6,2.2059,0.2
1,pgpad,21.579,after-query,256168376,6,2.2065,0.3
1,pgpad,21.834,after-query,256119224,6,2.2076,0.4
1,pgpad,22.087,after-query,256119224,6,2.2085,0.4
1,pgpad,22.339,after-query,256102840,6,2.2091,0.2
1,pgpad,22.594,after-query,256102840,6,2.2093,0.1
1,pgpad,22.848,after-query,256004536,6,2.2098,0.2
1,pgpad,23.104,after-query,256004536,6,2.2098,0.0
1,pgpad,23.359,after-query,256004536,6,2.2098,0.0
1,pgpad,23.611,after-query,269865400,6,2.2100,0.1
1,dbeaver,0.254,launch,18350992,1,0.0997,
1,dbeaver,0.507,launch,60720064,1,0.4843,151.6
1,dbeaver,0.760,launch,104334368,1,1.1022,243.5
1,dbeaver,1.015,launch,125207608,1,1.5950,191.7
1,dbeaver,1.270,launch,156402768,1,2.2757,266.5
1,dbeaver,1.525,launch,173344064,1,2.8715,234.0
1,dbeaver,1.780,launch,208553328,1,3.7146,329.5
1,dbeaver,2.036,launch,250283448,1,4.1133,156.0
1,dbeaver,2.291,launch,263325112,1,4.7441,248.5
1,dbeaver,2.546,launch,281757112,1,5.5880,329.4
1,dbeaver,2.801,launch,292521400,1,6.4931,356.1
1,dbeaver,3.056,launch,309970384,1,7.3401,332.1
1,dbeaver,3.308,launch,316884456,1,8.0353,276.6
1,dbeaver,3.563,launch,336447408,1,8.6334,233.1
1,dbeaver,3.815,settle,817990320,2,9.2846,258.5
1,dbeaver,4.071,settle,893274800,2,10.0763,309.3
1,dbeaver,4.324,settle,919898800,2,10.5414,184.3
1,dbeaver,4.579,settle,982354608,2,11.2083,262.2
1,dbeaver,4.834,settle,975948464,2,11.4177,79.9
1,dbeaver,5.089,settle,896486064,2,11.4363,7.3
1,dbeaver,5.344,settle,824085168,2,11.4912,21.5
1,dbeaver,5.599,settle,824101552,2,11.5029,4.6
1,dbeaver,5.850,settle,725174960,2,11.5166,5.6
1,dbeaver,6.105,settle,718768816,2,11.5219,2.0
1,dbeaver,6.361,settle,718768816,2,11.5424,8.2
1,dbeaver,6.616,settle,718850736,2,11.5650,8.8
1,dbeaver,6.871,settle,718850736,2,11.5733,3.3
1,dbeaver,7.125,settle,718867120,2,11.5916,7.2
1,dbeaver,7.379,settle,718867120,2,11.6003,3.4
1,dbeaver,7.635,settle,718867120,2,11.6124,4.7
1,dbeaver,7.890,settle,718867120,2,11.6230,4.2
1,dbeaver,8.145,settle,718867120,2,11.6372,5.6
1,dbeaver,8.400,settle,718867120,2,11.6492,4.8
1,dbeaver,8.655,settle,718621360,2,11.6679,7.2
1,dbeaver,8.906,query,718621360,2,11.6745,2.7
1,dbeaver,9.157,query,718473904,2,11.6885,5.5
1,dbeaver,9.412,query,718473904,2,11.7020,5.3
1,dbeaver,9.668,query,718523056,2,11.7122,4.0
1,dbeaver,9.920,query,718539440,2,11.7229,4.2
1,dbeaver,10.175,query,718539440,2,11.7300,2.8
1,dbeaver,10.431,query,718539440,2,11.7434,5.2
1,dbeaver,10.686,query,718539440,2,11.7499,2.5
1,dbeaver,10.937,query,718441136,2,11.7644,5.9
1,dbeaver,11.192,query,718441136,2,11.7719,2.9
1,dbeaver,11.444,query,718441136,2,11.7873,6.2
1,dbeaver,11.700,query,718457520,2,11.8002,5.0
1,dbeaver,11.955,query,718457520,2,11.8101,3.9
1,dbeaver,12.207,query,718506672,2,11.8199,3.9
1,dbeaver,12.461,query,718506672,2,11.8258,2.3
1,dbeaver,12.716,query,718506672,2,11.8375,4.6
1,dbeaver,12.971,query,718506672,2,11.8428,2.1
1,dbeaver,13.224,query,718506672,2,11.8550,4.8
1,dbeaver,13.479,query,718506672,2,11.8627,3.0
1,dbeaver,13.733,query,718490264,2,11.8751,4.8
1,dbeaver,13.989,query,718506648,2,11.8991,9.5
1,dbeaver,14.243,query,757418648,2,11.9611,23.9
1,dbeaver,14.499,query,757418648,2,11.9727,4.6
1,dbeaver,14.751,query,798853784,2,12.0519,31.6
1,dbeaver,15.007,query,799787672,2,12.2540,78.5
1,dbeaver,15.260,query,759073432,2,12.2899,14.3
1,dbeaver,15.515,query,759089816,2,12.3120,8.7
1,dbeaver,15.765,query,759220888,2,12.3410,11.5
1,dbeaver,16.016,query,758598296,2,12.3515,4.2
1,dbeaver,16.271,query,756157080,2,12.3622,4.2
1,dbeaver,16.526,query,841124504,2,12.4683,41.9
1,dbeaver,16.781,query,898091696,2,13.1126,253.3
1,dbeaver,17.034,query,901810864,2,13.8721,297.4
1,dbeaver,17.286,query,971721368,2,14.2288,141.8
1,dbeaver,17.541,query,972540568,2,14.3671,54.1
1,dbeaver,17.797,query,931449496,2,14.3923,9.8
1,dbeaver,18.052,query,931449496,2,14.4088,6.5
1,dbeaver,18.307,query,931875504,2,14.5034,37.7
1,dbeaver,18.562,query,745966256,2,14.6054,39.7
1,dbeaver,18.817,query,746113712,2,14.7076,40.4
1,dbeaver,19.072,query,741313200,2,14.8057,38.0
1,dbeaver,19.327,query,741362352,2,14.8824,29.8
1,dbeaver,19.579,query,741460656,2,14.9635,32.1
1,dbeaver,19.833,query,752831152,2,15.1457,72.6
1,dbeaver,20.088,query,752994992,2,15.2720,49.5
1,dbeaver,20.343,query,751700656,2,15.4326,62.9
1,dbeaver,20.595,query,751700656,2,15.4715,15.4
1,dbeaver,20.850,query,740477616,2,15.5564,33.0
1,dbeaver,21.100,query,821234352,2,15.7915,96.5
1,dbeaver,21.355,query,819071664,2,15.8689,29.9
1,dbeaver,21.611,query,814877360,2,15.9207,20.3
1,dbeaver,21.866,query,814975664,2,15.9830,24.5
1,dbeaver,22.121,query,744901296,2,16.0478,25.5
1,dbeaver,22.376,after-query,744950448,2,16.0864,15.1
1,dbeaver,22.627,after-query,744950448,2,16.0933,2.7
1,dbeaver,22.882,after-query,744901296,2,16.1063,5.1
1,dbeaver,23.138,after-query,742443696,2,16.1146,3.3
1,dbeaver,23.393,after-query,731122352,2,16.1292,5.7
1,dbeaver,23.644,after-query,731122352,2,16.1374,3.3
1,dbeaver,23.896,after-query,731138736,2,16.1478,4.2
1,dbeaver,24.151,after-query,731040432,2,16.1541,2.5
1,dbeaver,24.407,after-query,731040432,2,16.1667,4.9
1,dbeaver,24.662,after-query,731105968,2,16.1793,4.9
1,dbeaver,24.917,after-query,731105968,2,16.1943,6.0
1,dbeaver,25.172,after-query,731105968,2,16.2031,3.4
1,dbeaver,25.428,after-query,731105968,2,16.2124,3.6
1,dbeaver,25.682,after-query,731073200,2,16.2232,4.3
1,dbeaver,25.933,after-query,730712752,2,16.2292,2.3
1,dbeaver,26.188,after-query,729631408,2,16.2386,3.7
1,dbeaver,26.442,after-query,730925744,2,16.2484,3.9
1,dbeaver,26.697,after-query,730925744,2,16.2578,3.6
1,dbeaver,26.949,after-query,731663024,2,16.2638,2.5
1,pgadmin,0.255,launch,9847744,1,0.1076,
1,pgadmin,0.510,launch,41568224,3,0.3251,84.4
1,pgadmin,0.765,launch,141841496,5,0.7816,179.3
1,pgadmin,1.020,launch,157734048,5,1.0108,89.7
1,pgadmin,1.274,launch,168023200,5,1.2326,87.7
1,pgadmin,1.529,launch,177427616,5,1.4617,89.7
1,pgadmin,1.780,launch,191435960,5,1.6790,86.4
1,pgadmin,2.035,launch,203609296,5,1.9194,93.8
1,pgadmin,2.291,launch,216929488,5,2.1542,91.9
1,pgadmin,2.546,launch,225973456,5,2.3890,92.6
1,pgadmin,2.801,launch,248387272,6,2.8109,165.1
1,pgadmin,3.056,launch,237573376,5,2.8398,87.7
1,pgadmin,3.309,launch,244929816,5,3.0807,95.2
1,pgadmin,3.564,launch,254317848,5,3.3250,97.0
1,pgadmin,3.819,launch,264230168,5,3.5688,94.5
1,pgadmin,4.075,launch,265327896,5,3.6467,30.2
1,pgadmin,4.330,launch,268899824,6,3.7309,33.5
1,pgadmin,4.582,settle,351393216,5,4.1375,199.4
1,pgadmin,4.834,settle,452433440,5,4.4820,135.5
1,pgadmin,5.089,settle,498669112,5,4.8594,147.5
1,pgadmin,5.344,settle,654251840,5,5.4088,215.3
1,pgadmin,5.600,settle,690837528,5,5.6912,111.0
1,pgadmin,5.855,settle,695752728,5,5.9360,95.0
1,pgadmin,6.110,settle,792205432,5,6.2401,119.1
1,pgadmin,6.360,settle,793024656,5,6.3016,24.6
1,pgadmin,6.615,settle,803691240,6,6.4412,55.1
1,pgadmin,6.866,settle,803789520,6,6.4701,11.4
1,pgadmin,7.120,settle,803871440,6,6.5032,13.0
1,pgadmin,7.375,settle,788634320,6,6.5415,15.3
1,pgadmin,7.630,settle,767597264,6,6.5802,15.0
1,pgadmin,7.882,settle,767679184,6,6.6156,14.0
1,pgadmin,8.138,settle,770579176,6,6.6817,25.7
1,pgadmin,8.393,settle,770677480,6,6.7147,13.1
1,pgadmin,8.644,settle,770824936,6,6.7492,13.8
1,pgadmin,8.899,settle,770890472,6,6.7844,13.6
1,pgadmin,9.154,settle,770988776,6,6.8182,13.3
1,pgadmin,9.405,settle,771087080,6,6.8534,13.7
1,pgadmin,9.660,query,771185384,6,6.8767,9.5
1,pgadmin,9.911,query,771152616,6,6.9132,14.2
1,pgadmin,10.166,query,775248616,6,6.9955,31.9
1,pgadmin,10.421,query,775379688,6,7.0336,15.3
1,pgadmin,10.677,query,775576296,6,7.0657,12.3
1,pgadmin,10.932,query,775690984,6,7.1006,13.9
1,pgadmin,11.187,query,625433320,6,7.1566,21.8
1,pgadmin,11.442,query,625531624,6,7.1928,14.0
1,pgadmin,11.697,query,625564392,6,7.2295,14.9
1,pgadmin,11.952,query,625613544,6,7.2594,11.6
1,pgadmin,12.203,query,628480744,6,7.3255,26.1
1,pgadmin,12.458,query,628644584,6,7.3500,9.7
1,pgadmin,12.713,query,628775656,6,7.3852,13.9
1,pgadmin,12.968,query,628906728,6,7.4116,10.4
1,pgadmin,13.222,query,629054184,6,7.4432,12.4
1,pgadmin,13.478,query,629185256,6,7.4736,12.0
1,pgadmin,13.733,query,629349096,6,7.4992,10.1
1,pgadmin,13.986,query,631413480,6,7.5445,17.8
1,pgadmin,14.239,query,640965352,6,7.8310,112.7
1,pgadmin,14.494,query,640965352,6,7.8595,11.2
1,pgadmin,14.749,query,640981736,6,7.8949,13.9
1,pgadmin,15.003,query,640981736,6,7.9217,10.5
1,pgadmin,15.257,query,640981736,6,7.9521,11.9
1,pgadmin,15.508,query,641030888,6,7.9836,12.5
1,pgadmin,15.763,query,662575848,6,8.0281,17.6
1,pgadmin,16.015,query,721263360,6,8.2759,96.6
1,pgadmin,16.270,query,721902312,6,8.3140,14.9
1,pgadmin,16.525,query,721918696,6,8.3422,11.0
1,pgadmin,16.777,query,721918696,6,8.3669,9.8
1,pgadmin,17.032,query,721951464,6,8.3933,10.4
1,pgadmin,17.287,query,719854312,6,8.4148,8.5
1,pgadmin,17.542,query,771676904,6,8.6174,80.0
1,pgadmin,17.796,query,798464768,6,8.8290,82.6
1,pgadmin,18.048,query,797399808,6,8.9350,42.3
1,pgadmin,18.303,query,800725736,6,9.0577,48.0
1,pgadmin,18.556,query,808213272,6,9.2587,79.7
1,pgadmin,18.811,query,813423384,6,9.3728,45.0
1,pgadmin,19.065,query,817928984,6,9.4848,43.3
1,pgadmin,19.316,query,824351512,6,9.6871,82.5
1,pgadmin,19.572,query,833166128,6,9.8525,63.8
1,pgadmin,19.826,query,837491504,6,9.9772,49.2
1,pgadmin,20.082,query,844733232,6,10.1494,67.4
1,pgadmin,20.337,query,848288560,6,10.2571,41.9
1,pgadmin,20.591,query,871373640,6,10.3927,53.6
1,pgadmin,20.846,query,872454984,6,10.5703,69.4
1,pgadmin,21.098,query,874011464,6,10.7332,64.6
1,pgadmin,21.353,query,872029000,6,10.8462,44.3
1,pgadmin,21.608,query,878304072,6,11.0137,66.1
1,pgadmin,21.863,query,880499528,6,11.0868,28.5
1,pgadmin,22.117,query,884431688,6,11.2466,62.6
1,pgadmin,22.372,query,890018632,6,11.4186,68.3
1,pgadmin,22.627,query,891001672,6,11.4971,30.8
1,pgadmin,22.882,query,889101128,6,11.5441,18.2
1,pgadmin,23.134,after-query,889133896,6,11.5729,11.5
1,pgadmin,23.388,after-query,889199432,6,11.5974,9.6
1,pgadmin,23.643,after-query,889264968,6,11.6227,9.9
1,pgadmin,23.898,after-query,862886704,6,11.6475,9.8
1,pgadmin,24.153,after-query,863198000,6,11.6952,19.2
1,pgadmin,24.404,after-query,863296304,6,11.7203,9.8
1,pgadmin,24.659,after-query,863410992,6,11.7484,10.9
1,pgadmin,24.914,after-query,861870896,6,11.7714,9.1
1,pgadmin,25.170,after-query,861952816,6,11.7994,10.9
1,pgadmin,25.425,after-query,862018352,6,11.8265,10.7
1,pgadmin,25.680,after-query,862116656,6,11.8575,12.2
1,pgadmin,25.935,after-query,862182192,6,11.8846,10.5
1,pgadmin,26.191,after-query,862640944,6,11.9398,21.5
1,pgadmin,26.446,after-query,862739248,6,11.9652,10.1
1,pgadmin,26.701,after-query,807213872,6,11.9943,11.3
1,pgadmin,26.953,after-query,807279408,6,12.0131,7.6
1,pgadmin,27.208,after-query,807344944,6,12.0369,9.2
1,pgadmin,27.461,after-query,807426864,6,12.0609,9.8
1,dbgate,0.255,launch,8012664,1,0.0933,
1,dbgate,0.506,launch,40618024,3,0.3094,86.2
1,dbgate,0.759,launch,79858856,3,0.5651,98.4
1,dbgate,1.012,settle,160469696,4,0.8845,127.6
1,dbgate,1.268,settle,252204504,5,1.2948,163.0
1,dbgate,1.523,settle,580067776,7,2.1455,327.1
1,dbgate,1.775,settle,634676632,8,2.8437,277.5
1,dbgate,2.028,settle,634824088,8,2.8893,17.7
1,dbgate,2.283,settle,635446680,8,2.9493,23.9
1,dbgate,2.538,settle,635479448,8,2.9671,6.9
1,dbgate,2.793,settle,624158104,8,2.9885,8.4
1,dbgate,3.045,settle,624190872,8,3.0097,8.5
1,dbgate,3.298,settle,624272792,8,3.0383,11.2
1,dbgate,3.553,settle,619767192,8,3.0581,7.8
1,dbgate,3.808,settle,609756568,8,3.0733,5.9
1,dbgate,4.061,settle,598205824,8,3.0960,9.1
1,dbgate,4.312,settle,598189440,8,3.1107,5.9
1,dbgate,4.567,settle,598205824,8,3.1301,7.5
1,dbgate,4.823,settle,598189440,8,3.1458,6.1
1,dbgate,5.078,settle,598222208,8,3.1656,7.7
1,dbgate,5.329,settle,598205824,8,3.1789,5.4
1,dbgate,5.582,settle,598222208,8,3.1958,6.7
1,dbgate,5.833,settle,598156672,8,3.2122,6.5
1,dbgate,6.088,query,598189440,8,3.2274,6.1
1,dbgate,6.343,query,598156672,8,3.2404,5.1
1,dbgate,6.598,query,581330304,8,3.2679,10.6
1,dbgate,6.853,query,581117312,8,3.2841,6.3
1,dbgate,7.109,query,514598272,8,3.3117,10.8
1,dbgate,7.364,query,477472128,8,3.3302,7.2
1,dbgate,7.617,query,477472128,8,3.3495,7.7
1,dbgate,7.872,query,477472128,8,3.3636,5.5
1,dbgate,8.127,query,477488512,8,3.3837,7.9
1,dbgate,8.382,query,477472128,8,3.3978,5.6
1,dbgate,8.638,query,477472128,8,3.4139,6.3
1,dbgate,8.893,query,477422976,8,3.4284,5.8
1,dbgate,9.147,query,477455744,8,3.4442,6.3
1,dbgate,9.402,query,477521280,8,3.4555,4.4
1,dbgate,9.657,query,477521280,8,3.4722,6.5
1,dbgate,9.913,query,477554048,8,3.4863,5.5
1,dbgate,10.168,query,477554048,8,3.4995,5.2
1,dbgate,10.423,query,477537664,8,3.5106,4.4
1,dbgate,10.678,query,477537664,8,3.5244,5.4
1,dbgate,10.931,query,477554048,8,3.5389,5.7
1,dbgate,11.186,query,477537664,8,3.5534,5.7
1,dbgate,11.439,query,477570432,8,3.5671,5.4
1,dbgate,11.694,query,477554048,8,3.5841,6.7
1,dbgate,11.947,query,540190080,8,3.6438,23.5
1,dbgate,12.203,query,541582720,8,3.6955,19.7
1,dbgate,12.456,query,597190016,8,3.7387,17.5
1,dbgate,12.711,query,597779840,8,3.7764,14.7
1,dbgate,12.963,query,597779840,8,3.7953,7.4
1,dbgate,13.218,query,656353768,9,4.1689,148.0
1,dbgate,13.474,query,703326816,9,4.4940,127.3
1,dbgate,13.725,query,720611936,9,4.5649,28.0
1,dbgate,13.980,query,720595552,9,4.5823,6.8
1,dbgate,14.235,query,727329376,9,4.7448,63.7
1,dbgate,14.490,query,754199208,9,4.9987,99.3
1,dbgate,14.743,query,767961792,9,5.2440,97.3
1,dbgate,14.994,query,774843096,9,5.5057,104.4
1,dbgate,15.249,query,777366232,9,5.7460,94.3
1,dbgate,15.501,query,781331160,9,5.9653,87.8
1,dbgate,15.756,query,781986520,9,6.1503,71.3
1,dbgate,16.011,query,786361048,9,6.3337,72.5
1,dbgate,16.266,query,790325976,9,6.5162,71.0
1,dbgate,16.521,query,791571160,9,6.7211,81.6
1,dbgate,16.777,query,791653080,9,6.8706,57.3
1,dbgate,17.028,query,791603928,9,6.9912,48.8
1,dbgate,17.283,query,791554776,9,7.1150,48.1
1,dbgate,17.534,query,791702232,9,7.2539,55.4
1,dbgate,17.789,query,791816920,9,7.3594,41.6
1,dbgate,18.042,query,762456792,9,7.5119,60.7
1,dbgate,18.298,query,762768088,9,7.6658,59.8
1,dbgate,18.549,query,704309976,9,7.7753,43.7
1,dbgate,18.801,query,686205656,9,7.9256,59.9
1,dbgate,19.056,query,689007320,9,8.0523,49.4
1,dbgate,19.311,query,690547416,9,8.1348,32.2
1,dbgate,19.567,after-query,690072280,9,8.1556,8.1
1,dbgate,19.817,after-query,689531608,9,8.1742,7.4
1,dbgate,20.068,after-query,689613528,9,8.1911,6.6
1,dbgate,20.318,after-query,687975128,9,8.2017,4.3
1,dbgate,20.573,after-query,683764440,9,8.2144,5.1
1,dbgate,20.828,after-query,683764440,9,8.2353,8.0
1,dbgate,21.084,after-query,665856704,9,8.2603,9.8
1,dbgate,21.335,after-query,665938624,9,8.2790,7.6
1,dbgate,21.589,after-query,665938624,9,8.2942,5.9
1,dbgate,21.844,after-query,663792320,9,8.3200,10.1
1,dbgate,22.100,after-query,663825088,9,8.3401,7.9
1,dbgate,22.351,after-query,663808704,9,8.3561,6.4
1,dbgate,22.607,after-query,663808704,9,8.3715,6.0
1,dbgate,22.862,after-query,663808704,9,8.3889,6.8
1,dbgate,23.117,after-query,663792320,9,8.4065,7.0
1,dbgate,23.368,after-query,663775936,9,8.4227,6.4
1,dbgate,23.624,after-query,663808704,9,8.4367,5.6
1,dbgate,23.879,after-query,663808704,9,8.4530,6.3
1,dbgate,24.134,after-query,648833728,9,8.4706,7.0
2,dbeaver,0.253,launch,20792184,1,0.1134,
2,dbeaver,0.508,launch,67060744,1,0.5618,173.0
2,dbeaver,0.763,launch,111658088,1,1.1566,233.9
2,dbeaver,1.018,launch,138544256,1,1.7051,215.7
2,dbeaver,1.273,launch,158286976,1,2.3540,252.4
2,dbeaver,1.526,launch,178472256,1,2.9107,221.9
2,dbeaver,1.778,launch,215860616,1,3.6052,275.7
2,dbeaver,2.033,launch,246580616,1,4.1596,217.0
2,dbeaver,2.288,launch,263226784,1,4.8317,264.1
2,dbeaver,2.543,launch,287278496,1,5.7118,344.0
2,dbeaver,2.798,launch,302155168,1,6.6429,366.1
2,dbeaver,3.053,launch,320783848,1,7.4706,324.3
2,dbeaver,3.308,launch,327583208,1,8.2339,299.5
2,dbeaver,3.563,launch,340658120,1,8.8146,228.0
2,dbeaver,3.815,settle,745671344,2,9.3790,226.3
2,dbeaver,4.068,settle,873646768,2,10.0603,262.5
2,dbeaver,4.323,settle,943147696,2,10.5224,183.5
2,dbeaver,4.578,settle,1012288200,2,11.2183,273.1
2,dbeaver,4.829,settle,1010715336,2,11.3693,59.6
2,dbeaver,5.084,settle,944327368,2,11.4147,18.2
2,dbeaver,5.340,settle,881707720,2,11.4486,12.9
2,dbeaver,5.595,settle,817564360,2,11.4613,4.9
2,dbeaver,5.850,settle,718588616,2,11.4734,4.8
2,dbeaver,6.106,settle,712542920,2,11.4865,5.1
2,dbeaver,6.361,settle,712542920,2,11.4952,3.4
2,dbeaver,6.616,settle,712559304,2,11.5118,6.6
2,dbeaver,6.871,settle,712035016,2,11.5215,3.8
2,dbeaver,7.127,settle,712035016,2,11.5387,6.7
2,dbeaver,7.382,settle,712035016,2,11.5487,3.9
2,dbeaver,7.637,settle,712051400,2,11.5661,6.8
2,dbeaver,7.892,settle,712051400,2,11.5740,3.1
2,dbeaver,8.147,settle,712051400,2,11.5865,4.8
2,dbeaver,8.402,settle,711772872,2,11.5986,4.7
2,dbeaver,8.657,settle,711756488,2,11.6105,4.7
2,dbeaver,8.909,query,711625416,2,11.6151,1.9
2,dbeaver,9.159,query,711412424,2,11.6267,4.6
2,dbeaver,9.410,query,711445192,2,11.6387,4.8
2,dbeaver,9.666,query,711445192,2,11.6464,3.0
2,dbeaver,9.921,query,711445192,2,11.6564,3.9
2,dbeaver,10.176,query,711445192,2,11.6631,2.7
2,dbeaver,10.431,query,711445192,2,11.6739,4.2
2,dbeaver,10.687,query,711445192,2,11.6817,3.0
2,dbeaver,10.942,query,711445192,2,11.6923,4.2
2,dbeaver,11.197,query,711445192,2,11.7012,3.4
2,dbeaver,11.452,query,711445192,2,11.7150,5.4
2,dbeaver,11.708,query,711461576,2,11.7297,5.8
2,dbeaver,11.963,query,711461576,2,11.7405,4.2
2,dbeaver,12.218,query,711477960,2,11.7520,4.6
2,dbeaver,12.473,query,711527112,2,11.7649,5.1
2,dbeaver,12.728,query,711527112,2,11.7752,4.0
2,dbeaver,12.980,query,711527112,2,11.7811,2.4
2,dbeaver,13.235,query,711527112,2,11.7912,3.9
2,dbeaver,13.490,query,711527112,2,11.7982,2.8
2,dbeaver,13.745,query,711527112,2,11.8069,3.4
2,dbeaver,13.998,query,711789208,2,11.8318,9.7
2,dbeaver,14.250,query,712821400,2,11.8960,25.5
2,dbeaver,14.505,query,712870552,2,11.9117,6.1
2,dbeaver,14.760,query,750471832,2,11.9919,31.4
2,dbeaver,15.015,query,753355416,2,12.1917,79.1
2,dbeaver,15.270,query,753109656,2,12.2173,10.2
2,dbeaver,15.524,query,753109656,2,12.2379,8.0
2,dbeaver,15.778,query,753404568,2,12.2801,16.5
2,dbeaver,16.033,query,712477336,2,12.2923,4.7
2,dbeaver,16.288,query,712477336,2,12.3022,4.0
2,dbeaver,16.543,query,835865240,2,12.4261,48.8
2,dbeaver,16.798,query,945752752,2,13.1238,273.2
2,dbeaver,17.053,query,989006536,2,13.8514,282.4
2,dbeaver,17.309,query,972769992,2,14.1448,115.5
2,dbeaver,17.564,query,972016328,2,14.2724,49.9
2,dbeaver,17.816,query,888998600,2,14.2916,7.6
2,dbeaver,18.071,query,888982216,2,14.3146,9.1
2,dbeaver,18.326,query,764365560,2,14.3992,33.9
2,dbeaver,18.581,query,745720568,2,14.4941,36.6
2,dbeaver,18.836,query,745933560,2,14.6034,42.8
2,dbeaver,19.087,query,752061176,2,14.6973,38.1
2,dbeaver,19.342,query,752126712,2,14.7681,27.3
2,dbeaver,19.597,query,752126712,2,14.8457,30.3
2,dbeaver,19.852,query,752225016,2,15.0361,75.2
2,dbeaver,20.107,query,752372472,2,15.1440,42.2
2,dbeaver,20.362,query,752503544,2,15.2959,60.3
2,dbeaver,20.618,query,750422776,2,15.3365,15.6
2,dbeaver,20.873,query,750471928,2,15.4190,32.6
2,dbeaver,21.128,query,859015928,2,15.6370,85.1
2,dbeaver,21.381,query,856918776,2,15.7069,27.6
2,dbeaver,21.636,query,852724472,2,15.7738,26.1
2,dbeaver,21.892,query,852790008,2,15.8520,30.8
2,dbeaver,22.147,query,809683704,2,15.9060,21.3
2,dbeaver,22.402,query,744000248,2,15.9389,12.8
2,dbeaver,22.656,after-query,744000248,2,15.9444,2.2
2,dbeaver,22.912,after-query,741493496,2,15.9589,5.7
2,dbeaver,23.166,after-query,741493496,2,15.9652,2.5
2,dbeaver,23.421,after-query,730188536,2,15.9810,6.1
2,dbeaver,23.676,after-query,730188536,2,15.9873,2.5
2,dbeaver,23.931,after-query,730090232,2,16.0041,6.5
2,dbeaver,24.183,after-query,731040504,2,16.0080,1.5
2,dbeaver,24.438,after-query,731040504,2,16.0231,6.0
2,dbeaver,24.692,after-query,731089656,2,16.0349,4.6
2,dbeaver,24.947,after-query,731089656,2,16.0507,6.2
2,dbeaver,25.202,after-query,731106040,2,16.0572,2.5
2,dbeaver,25.452,after-query,731958008,2,16.0645,3.0
2,dbeaver,25.703,after-query,731925240,2,16.0754,4.3
2,dbeaver,25.959,after-query,731630328,2,16.0840,3.3
2,dbeaver,26.214,after-query,731630328,2,16.0936,3.8
2,dbeaver,26.469,after-query,731630328,2,16.1045,4.3
2,dbeaver,26.724,after-query,731630328,2,16.1164,4.7
2,dbeaver,26.977,after-query,732220152,2,16.1302,5.6
2,pgadmin,0.253,launch,9913256,1,0.1082,
2,pgadmin,0.506,launch,42043360,3,0.3419,90.9
2,pgadmin,0.761,launch,139711648,5,0.7955,177.4
2,pgadmin,1.016,launch,153801912,5,1.0203,88.9
2,pgadmin,1.271,launch,164107472,5,1.2447,87.8
2,pgadmin,1.524,launch,174871784,5,1.4713,90.8
2,pgadmin,1.779,launch,187012352,5,1.6940,85.9
2,pgadmin,2.034,launch,202888448,5,1.9357,94.8
2,pgadmin,2.289,launch,213734656,5,2.1670,91.2
2,pgadmin,2.544,launch,224318744,5,2.4042,92.5
2,pgadmin,2.799,launch,244881120,6,2.8149,163.6
2,pgadmin,3.054,launch,232674608,5,2.8573,88.0
2,pgadmin,3.309,launch,241489224,5,3.0991,95.2
2,pgadmin,3.562,launch,250893640,5,3.3423,96.6
2,pgadmin,3.817,launch,261002568,5,3.5825,94.1
2,pgadmin,4.072,launch,261920072,5,3.6520,26.8
2,pgadmin,4.327,launch,265278984,6,3.7351,33.2
2,pgadmin,4.582,settle,347706888,5,4.1298,191.9
2,pgadmin,4.837,settle,453564056,5,4.4776,135.9
2,pgadmin,5.089,settle,504731336,5,4.8503,147.8
2,pgadmin,5.344,settle,698341304,5,5.4013,214.5
2,pgadmin,5.599,settle,687364264,5,5.6863,112.9
2,pgadmin,5.854,settle,699422840,5,5.9495,102.6
2,pgadmin,6.110,settle,778246408,5,6.2105,101.8
2,pgadmin,6.364,settle,778967304,5,6.2776,26.7
2,pgadmin,6.617,settle,789109624,6,6.4219,56.2
2,pgadmin,6.873,settle,789191544,6,6.4510,11.3
2,pgadmin,7.128,settle,787176312,6,6.4867,14.0
2,pgadmin,7.384,settle,774151008,6,6.5289,16.7
2,pgadmin,7.639,settle,752278368,6,6.5686,15.6
2,pgadmin,7.893,settle,752343904,6,6.6002,12.6
2,pgadmin,8.148,settle,752606048,6,6.6664,25.0
2,pgadmin,8.403,settle,752704352,6,6.7011,13.8
2,pgadmin,8.659,settle,752802656,6,6.7427,16.3
2,pgadmin,8.914,settle,752884576,6,6.7807,14.8
2,pgadmin,9.169,settle,752982880,6,6.8198,15.4
2,pgadmin,9.424,query,753081184,6,6.8544,14.0
2,pgadmin,9.677,query,753245048,6,6.8798,10.0
2,pgadmin,9.931,query,753277816,6,6.9194,15.3
2,pgadmin,10.186,query,756095864,6,7.0038,32.9
2,pgadmin,10.437,query,756276088,6,7.0387,13.9
2,pgadmin,10.692,query,756423544,6,7.0725,13.3
2,pgadmin,10.947,query,756587384,6,7.1083,14.1
2,pgadmin,11.201,query,626072440,6,7.1547,18.1
2,pgadmin,11.457,query,626219896,6,7.1914,14.5
2,pgadmin,11.712,query,626285432,6,7.2346,16.6
2,pgadmin,11.967,query,626449272,6,7.2921,22.9
2,pgadmin,12.218,query,626760568,6,7.3324,15.8
2,pgadmin,12.473,query,626875256,6,7.3643,12.7
2,pgadmin,12.728,query,627022712,6,7.3979,13.5
2,pgadmin,12.983,query,627186552,6,7.4239,10.1
2,pgadmin,13.235,query,627317624,6,7.4495,10.1
2,pgadmin,13.490,query,627481464,6,7.4742,9.7
2,pgadmin,13.741,query,627628920,6,7.5020,11.0
2,pgadmin,13.993,query,629676920,6,7.5653,25.1
2,pgadmin,14.248,query,629807992,6,7.5954,11.9
2,pgadmin,14.503,query,629939064,6,7.6178,8.8
2,pgadmin,14.758,query,630135672,6,7.6447,10.5
2,pgadmin,15.010,query,630266744,6,7.6729,11.2
2,pgadmin,15.265,query,630381432,6,7.7019,11.3
2,pgadmin,15.520,query,630528888,6,7.7267,9.8
2,pgadmin,15.771,query,659397544,6,7.7920,26.1
2,pgadmin,16.022,query,739793808,6,8.2944,199.9
2,pgadmin,16.277,query,740547472,6,8.3380,16.9
2,pgadmin,16.533,query,740547472,6,8.3623,9.4
2,pgadmin,16.788,query,740547472,6,8.3812,7.4
2,pgadmin,17.043,query,740580240,6,8.4088,10.9
2,pgadmin,17.298,query,738483088,6,8.4331,9.5
2,pgadmin,17.549,query,802413456,6,8.6522,87.5
2,pgadmin,17.804,query,806951824,6,8.8581,80.9
2,pgadmin,18.056,query,808082344,6,8.9670,43.4
2,pgadmin,18.307,query,819289000,6,9.0965,51.6
2,pgadmin,18.562,query,827562944,6,9.2850,74.3
2,pgadmin,18.813,query,843652032,6,9.4421,62.8
2,pgadmin,19.066,query,845814720,6,9.5225,31.5
2,pgadmin,19.321,query,860183512,6,9.7410,86.0
2,pgadmin,19.576,query,868932568,6,9.8786,54.0
2,pgadmin,19.830,query,874585048,6,10.0162,54.0
2,pgadmin,20.084,query,889183216,6,10.2022,72.1
2,pgadmin,20.338,query,897539080,6,10.3076,41.8
2,pgadmin,20.589,query,902028296,6,10.4264,47.3
2,pgadmin,20.841,query,913169416,6,10.6242,79.2
2,pgadmin,21.092,query,916233248,6,10.7815,62.3
2,pgadmin,21.348,query,926522400,6,10.8948,44.1
2,pgadmin,21.603,query,926145568,6,11.0707,69.4
2,pgadmin,21.858,query,929831968,6,11.1374,25.7
2,pgadmin,22.113,query,940137504,6,11.3240,75.0
2,pgadmin,22.368,query,950836256,6,11.4935,65.6
2,pgadmin,22.619,query,948182048,6,11.5813,35.2
2,pgadmin,22.873,query,945921056,6,11.6124,12.3
2,pgadmin,23.126,after-query,945986592,6,11.6340,8.6
2,pgadmin,23.381,after-query,946084896,6,11.6596,9.8
2,pgadmin,23.636,after-query,944069664,6,11.6873,10.8
2,pgadmin,23.891,after-query,919755736,6,11.7173,11.8
2,pgadmin,24.147,after-query,920214488,6,11.7713,20.8
2,pgadmin,24.402,after-query,920296408,6,11.7956,9.8
2,pgadmin,24.655,after-query,920378328,6,11.8222,10.5
2,pgadmin,24.911,after-query,904485848,6,11.8516,11.5
2,pgadmin,25.164,after-query,904567768,6,11.8779,10.5
2,pgadmin,25.415,after-query,904649688,6,11.9045,10.6
2,pgadmin,25.670,after-query,904731608,6,11.9310,10.3
2,pgadmin,25.925,after-query,895179736,6,11.9615,12.1
2,pgadmin,26.180,after-query,895491032,6,12.0193,22.4
2,pgadmin,26.435,after-query,895523800,6,12.0480,11.1
2,pgadmin,26.691,after-query,895605720,6,12.0734,10.1
2,pgadmin,26.946,after-query,895671256,6,12.0989,9.9
2,pgadmin,27.201,after-query,895736792,6,12.1263,10.8
2,pgadmin,27.456,after-query,895785944,6,12.1504,9.7
2,dbgate,0.255,launch,9782184,1,0.1011,
2,dbgate,0.510,launch,53038200,3,0.3853,110.0
2,dbgate,0.765,launch,81726632,3,0.5908,80.6
2,dbgate,1.020,settle,210162440,4,0.9524,141.3
2,dbgate,1.272,settle,281712568,5,1.3599,162.2
2,dbgate,1.525,settle,609117136,8,2.3506,389.1
2,dbgate,1.780,settle,638330216,8,2.8098,179.6
2,dbgate,2.033,settle,638264680,8,2.8452,14.1
2,dbgate,2.288,settle,638641512,8,2.8984,20.5
2,dbgate,2.543,settle,638707048,8,2.9430,17.9
2,dbgate,2.797,settle,633120104,8,3.0270,32.5
2,dbgate,3.050,settle,633120104,8,3.0457,7.4
2,dbgate,3.305,settle,633120104,8,3.0642,7.2
2,dbgate,3.560,settle,633120104,8,3.0831,7.4
2,dbgate,3.816,settle,628663656,8,3.0989,6.2
2,dbgate,4.071,settle,617637200,8,3.1239,9.8
2,dbgate,4.326,settle,617620816,8,3.1383,5.7
2,dbgate,4.581,settle,617620816,8,3.1563,7.2
2,dbgate,4.832,settle,607626576,8,3.1681,4.7
2,dbgate,5.083,settle,607642960,8,3.1897,8.5
2,dbgate,5.335,settle,607626576,8,3.2023,5.0
2,dbgate,5.590,settle,607626576,8,3.2247,8.8
2,dbgate,5.845,settle,607577424,8,3.2393,5.7
2,dbgate,6.100,query,607610192,8,3.2561,6.8
2,dbgate,6.355,query,607593808,8,3.2710,5.8
2,dbgate,6.608,query,545858896,8,3.3062,13.8
2,dbgate,6.863,query,542664016,8,3.3216,6.1
2,dbgate,7.118,query,505701712,8,3.3468,9.8
2,dbgate,7.373,query,505685328,8,3.3643,6.9
2,dbgate,7.630,query,505685328,8,3.3867,8.7
2,dbgate,7.885,query,474031440,8,3.4094,9.1
2,dbgate,8.140,query,474015056,8,3.4291,7.4
2,dbgate,8.395,query,474047824,8,3.4506,8.5
2,dbgate,8.650,query,474031440,8,3.4711,8.0
2,dbgate,8.903,query,474047824,8,3.4907,8.0
2,dbgate,9.158,query,474015056,8,3.5093,7.2
2,dbgate,9.413,query,474096976,8,3.5241,6.0
2,dbgate,9.668,query,474080592,8,3.5387,5.7
2,dbgate,9.921,query,474096976,8,3.5522,5.3
2,dbgate,10.177,query,474080592,8,3.5667,5.7
2,dbgate,10.432,query,474096976,8,3.5827,6.3
2,dbgate,10.687,query,474080592,8,3.5980,6.0
2,dbgate,10.938,query,474096976,8,3.6122,5.7
2,dbgate,11.193,query,474064208,8,3.6258,5.3
2,dbgate,11.444,query,474096976,8,3.6467,8.3
2,dbgate,11.696,query,474080592,8,3.6657,7.6
2,dbgate,11.948,query,536929640,8,3.7231,22.8
2,dbgate,12.202,query,600991080,8,3.8061,32.0
2,dbgate,12.458,query,600974696,8,3.8199,5.5
2,dbgate,12.712,query,601793896,8,3.8665,18.3
2,dbgate,12.967,query,601449832,8,3.8929,10.3
2,dbgate,13.223,query,653552128,9,4.1669,107.2
2,dbgate,13.478,query,704506464,9,4.5143,139.2
2,dbgate,13.733,query,705260128,9,4.5738,22.7
2,dbgate,13.988,query,705276512,9,4.5933,7.6
2,dbgate,14.240,query,721807992,9,4.8572,105.4
2,dbgate,14.492,query,731982528,9,5.0815,91.2
2,dbgate,14.743,query,742337240,9,5.3272,98.2
2,dbgate,14.998,query,750562008,9,5.6003,105.6
2,dbgate,15.252,query,753920728,9,5.8313,91.6
2,dbgate,15.507,query,756951768,9,6.0375,79.9
2,dbgate,15.759,query,758049520,9,6.2027,65.6
2,dbgate,16.014,query,764357360,9,6.4053,79.8
2,dbgate,16.265,query,769354504,9,6.5734,66.8
2,dbgate,16.517,query,775760648,9,6.7164,56.6
2,dbgate,16.773,query,781527816,9,6.8605,56.4
2,dbgate,17.028,query,784034568,9,6.9747,44.2
2,dbgate,17.282,query,788605704,9,7.1225,58.8
2,dbgate,17.536,query,792390408,9,7.2699,57.8
2,dbgate,17.788,query,794176264,9,7.3583,35.7
2,dbgate,18.043,query,769338120,9,7.5142,60.2
2,dbgate,18.298,query,773237512,9,7.6622,59.0
2,dbgate,18.553,query,732588832,9,7.7765,44.3
2,dbgate,18.806,query,720022304,9,7.9269,60.0
2,dbgate,19.059,query,722692896,9,8.0601,52.4
2,dbgate,19.312,query,723905312,9,8.1182,22.7
2,dbgate,19.568,after-query,710437664,9,8.1418,9.2
2,dbgate,19.822,after-query,709880608,9,8.1593,7.0
2,dbgate,20.077,after-query,709896992,9,8.1771,6.8
2,dbgate,20.333,after-query,709880608,9,8.1930,6.2
2,dbgate,20.588,after-query,704637728,9,8.2075,5.7
2,dbgate,20.843,after-query,704621344,9,8.2273,7.8
2,dbgate,21.099,after-query,684600048,9,8.2498,8.8
2,dbgate,21.354,after-query,684665584,9,8.2707,8.1
2,dbgate,21.609,after-query,682814192,9,8.2889,7.2
2,dbgate,21.864,after-query,682715888,9,8.3076,7.3
2,dbgate,22.120,after-query,682699504,9,8.3237,6.3
2,dbgate,22.375,after-query,682683120,9,8.3428,7.4
2,dbgate,22.630,after-query,682699504,9,8.3626,7.8
2,dbgate,22.884,after-query,682683120,9,8.3801,6.9
2,dbgate,23.135,after-query,682666736,9,8.3953,6.1
2,dbgate,23.391,after-query,682666736,9,8.4118,6.4
2,dbgate,23.642,after-query,682699504,9,8.4316,7.9
2,dbgate,23.898,after-query,682683120,9,8.4470,6.0
2,dbgate,24.152,after-query,682961648,9,8.4623,6.1
2,pgpad,0.254,launch,19907856,2,0.1443,
2,pgpad,0.509,settle,47303176,4,0.4051,100.5
2,pgpad,0.763,settle,49203840,4,0.4928,34.5
2,pgpad,1.014,settle,236817984,5,0.8006,122.1
2,pgpad,1.269,settle,236375616,5,0.8032,1.0
2,pgpad,1.524,settle,232263232,5,0.8111,3.1
2,pgpad,1.779,settle,228920896,5,0.8149,1.5
2,pgpad,2.035,settle,228183616,5,0.8359,8.2
2,pgpad,2.290,settle,157683264,5,0.8422,2.4
2,pgpad,2.545,settle,156552768,5,0.8438,0.6
2,pgpad,2.800,settle,156405312,5,0.8445,0.3
2,pgpad,3.056,settle,156388928,5,0.8449,0.2
2,pgpad,3.311,settle,156208704,5,0.8456,0.2
2,pgpad,3.566,settle,156143168,5,0.8460,0.2
2,pgpad,3.819,settle,156143168,5,0.8463,0.1
2,pgpad,4.074,settle,156143168,5,0.8467,0.1
2,pgpad,4.329,settle,156143168,5,0.8469,0.1
2,pgpad,4.580,settle,156143168,5,0.8471,0.1
2,pgpad,4.835,settle,156143168,5,0.8471,0.0
2,pgpad,5.090,settle,156143168,5,0.8471,0.0
2,pgpad,5.346,settle,155913792,5,0.8540,2.7
2,pgpad,5.597,query,155913792,5,0.8548,0.3
2,pgpad,5.849,query,155864640,5,0.8551,0.1
2,pgpad,6.102,query,155782720,5,0.8555,0.1
2,pgpad,6.353,query,155700800,5,0.8558,0.1
2,pgpad,6.607,query,155700800,5,0.8560,0.1
2,pgpad,6.863,query,155651648,5,0.8563,0.1
2,pgpad,7.116,query,155651648,5,0.8564,0.0
2,pgpad,7.371,query,155520576,5,0.8566,0.0
2,pgpad,7.626,query,155520576,5,0.8566,0.0
2,pgpad,7.879,query,155520576,5,0.8566,0.0
2,pgpad,8.132,query,155520576,5,0.8566,0.0
2,pgpad,8.386,query,155520576,5,0.8566,0.0
2,pgpad,8.641,query,155520576,5,0.8566,0.0
2,pgpad,8.894,query,155422272,5,0.8680,4.5
2,pgpad,9.149,query,155455040,5,0.8726,1.8
2,pgpad,9.404,query,155438656,5,0.8734,0.3
2,pgpad,9.660,query,155438656,5,0.8742,0.3
2,pgpad,9.912,query,155438656,5,0.8749,0.3
2,pgpad,10.162,query,155438656,5,0.8754,0.2
2,pgpad,10.418,query,155373120,5,0.8760,0.2
2,pgpad,10.673,query,226201152,5,0.9157,15.5
2,pgpad,10.927,query,283414200,5,1.0429,49.3
2,pgpad,11.179,query,283201208,5,1.0488,2.4
2,pgpad,11.434,query,283233976,5,1.0536,1.8
2,pgpad,11.689,query,283070136,5,1.0564,1.1
2,pgpad,11.946,query,236310200,5,1.1127,22.1
2,pgpad,12.201,query,246108432,6,1.2296,45.4
2,pgpad,12.452,query,259723536,6,1.2569,11.1
2,pgpad,12.707,query,260788496,6,1.2962,15.1
2,pgpad,12.961,query,269652264,6,1.3110,5.8
2,pgpad,13.212,query,269652264,6,1.3151,1.7
2,pgpad,13.467,query,268652840,6,1.3426,10.8
2,pgpad,13.723,query,268669224,6,1.3646,8.8
2,pgpad,13.977,query,227119400,6,1.3686,1.5
2,pgpad,14.228,query,313282928,6,1.5995,91.4
2,pgpad,14.483,query,355537288,6,1.6504,20.6
2,pgpad,14.738,query,350048648,6,1.6529,1.0
2,pgpad,14.993,query,346214792,6,1.6636,4.2
2,pgpad,15.248,query,345706888,6,1.6645,0.4
2,pgpad,15.504,query,267538824,6,1.6778,5.1
2,pgpad,15.759,query,247189896,6,1.6809,1.2
2,pgpad,16.014,query,247173512,6,1.6922,4.4
2,pgpad,16.269,query,337613192,6,1.7396,18.4
2,pgpad,16.524,query,377868704,6,1.8122,28.9
2,pgpad,16.779,query,378212768,6,1.8457,13.1
2,pgpad,17.034,query,378720672,6,1.9179,28.2
2,pgpad,17.289,query,384307616,6,1.9709,20.7
2,pgpad,17.545,query,384209312,6,2.0354,25.0
2,pgpad,17.800,query,390893984,6,2.0419,2.5
2,pgpad,18.053,query,397873568,6,2.1039,24.7
2,pgpad,18.308,after-query,374346144,6,2.1332,11.6
2,pgpad,18.561,after-query,374165920,6,2.1383,2.0
2,pgpad,18.815,after-query,373494176,6,2.1413,1.2
2,pgpad,19.066,after-query,372068768,6,2.1430,0.7
2,pgpad,19.321,after-query,261231008,6,2.1470,1.6
2,pgpad,19.576,after-query,263033272,6,2.1484,0.6
2,pgpad,19.831,after-query,263180728,6,2.1496,0.5
2,pgpad,20.086,after-query,263229880,6,2.1501,0.2
2,pgpad,20.341,after-query,263098808,6,2.1511,0.4
2,pgpad,20.596,after-query,263082424,6,2.1515,0.2
2,pgpad,20.849,after-query,262984120,6,2.1521,0.2
2,pgpad,21.105,after-query,263049656,6,2.1566,1.7
2,pgpad,21.360,after-query,262984120,6,2.1571,0.2
2,pgpad,21.610,after-query,262984120,6,2.1579,0.3
2,pgpad,21.865,after-query,262902200,6,2.1594,0.6
2,pgpad,22.117,after-query,262902200,6,2.1602,0.3
2,pgpad,22.372,after-query,262787512,6,2.1614,0.4
2,pgpad,22.626,after-query,262803896,6,2.1618,0.1
2,pgpad,22.881,after-query,262787512,6,2.1620,0.1
2,pgpad,23.137,after-query,262787512,6,2.1620,0.0
2,pgpad,23.390,after-query,262771128,6,2.1622,0.0
3,pgadmin,0.255,launch,8487872,1,0.1003,
3,pgadmin,0.507,launch,38946400,1,0.2758,68.6
3,pgadmin,0.761,launch,114611288,5,0.7558,189.6
3,pgadmin,1.016,launch,159634592,5,1.0044,99.0
3,pgadmin,1.271,launch,169956512,5,1.2291,88.1
3,pgadmin,1.526,launch,179311776,5,1.4618,90.1
3,pgadmin,1.780,launch,191681720,5,1.6802,85.8
3,pgadmin,2.036,launch,206345424,5,1.9217,94.6
3,pgadmin,2.290,launch,217666768,5,2.1546,91.3
3,pgadmin,2.546,launch,227710160,5,2.3911,92.0
3,pgadmin,2.801,launch,245126856,6,2.7916,158.6
3,pgadmin,3.056,launch,233100520,5,2.8402,87.7
3,pgadmin,3.307,launch,241816832,5,3.0788,95.0
3,pgadmin,3.558,launch,250631448,5,3.3191,96.1
3,pgadmin,3.813,launch,261199128,5,3.5617,94.7
3,pgadmin,4.068,launch,262673688,5,3.6446,32.2
3,pgadmin,4.323,launch,265311536,5,3.6987,21.2
3,pgadmin,4.578,settle,357766736,5,4.1025,193.8
3,pgadmin,4.834,settle,453170840,5,4.4406,132.7
3,pgadmin,5.089,settle,500340424,5,4.8163,147.2
3,pgadmin,5.341,settle,664557592,5,5.3736,222.4
3,pgadmin,5.596,settle,682219712,5,5.6526,109.1
3,pgadmin,5.851,settle,699881688,5,5.8970,95.2
3,pgadmin,6.106,settle,783702280,5,6.1946,115.1
3,pgadmin,6.357,settle,784472352,5,6.2554,24.6
3,pgadmin,6.608,settle,794958712,6,6.3977,57.1
3,pgadmin,6.863,settle,787307360,6,6.4280,11.7
3,pgadmin,7.119,settle,787389280,6,6.4607,12.8
3,pgadmin,7.374,settle,772266848,6,6.4984,15.0
3,pgadmin,7.626,settle,750508896,6,6.5365,15.0
3,pgadmin,7.881,settle,750558048,6,6.5699,13.0
3,pgadmin,8.137,settle,753539936,6,6.6333,24.7
3,pgadmin,8.392,settle,753621856,6,6.6724,15.4
3,pgadmin,8.647,settle,753736544,6,6.7145,16.7
3,pgadmin,8.898,settle,753851232,6,6.7500,13.9
3,pgadmin,9.153,settle,753916768,6,6.7758,10.4
3,pgadmin,9.407,settle,753998688,6,6.8156,15.7
3,pgadmin,9.662,query,753998688,6,6.8399,9.6
3,pgadmin,9.917,query,754064224,6,6.8779,14.5
3,pgadmin,10.173,query,758340472,6,6.9650,34.5
3,pgadmin,10.428,query,758471544,6,7.0011,14.0
3,pgadmin,10.682,query,758618976,6,7.0377,14.6
3,pgadmin,10.937,query,758733664,6,7.0752,14.7
3,pgadmin,11.193,query,625630048,6,7.1180,16.8
3,pgadmin,11.448,query,625744736,6,7.1525,13.5
3,pgadmin,11.703,query,625859424,6,7.1928,15.8
3,pgadmin,11.957,query,625990496,6,7.2294,14.2
3,pgadmin,12.211,query,628841312,6,7.2971,26.8
3,pgadmin,12.466,query,628972384,6,7.3317,13.4
3,pgadmin,12.718,query,629119840,6,7.3665,14.2
3,pgadmin,12.973,query,629250912,6,7.3916,9.8
3,pgadmin,13.224,query,629414752,6,7.4145,9.1
3,pgadmin,13.479,query,629545824,6,7.4450,11.8
3,pgadmin,13.734,query,629709664,6,7.4745,11.7
3,pgadmin,13.989,query,632544120,6,7.5219,18.5
3,pgadmin,14.241,query,640129912,6,7.5699,19.1
3,pgadmin,14.496,query,640277368,6,7.5958,10.1
3,pgadmin,14.751,query,640441208,6,7.6226,10.5
3,pgadmin,15.006,query,640605048,6,7.6475,9.8
3,pgadmin,15.257,query,640752504,6,7.6732,10.2
3,pgadmin,15.512,query,640899960,6,7.6996,10.4
3,pgadmin,15.765,query,662739832,6,7.7451,17.9
3,pgadmin,16.019,query,738450344,6,8.0210,108.3
3,pgadmin,16.274,query,739285928,6,8.0643,16.7
3,pgadmin,16.529,query,739367848,6,8.0920,10.7
3,pgadmin,16.782,query,739449768,6,8.1142,9.0
3,pgadmin,17.037,query,739564456,6,8.1374,9.0
3,pgadmin,17.291,query,735321000,6,8.1637,10.5
3,pgadmin,17.546,query,784784320,6,8.3603,77.4
3,pgadmin,17.800,query,816307160,6,8.5547,77.5
3,pgadmin,18.055,query,818240472,6,8.6725,45.2
3,pgadmin,18.308,query,822139864,6,8.7802,42.6
3,pgadmin,18.563,query,830053360,6,8.9789,77.9
3,pgadmin,18.817,query,834591728,6,9.1130,53.3
3,pgadmin,19.071,query,838786032,6,9.2031,35.0
3,pgadmin,19.322,query,846257136,6,9.4037,80.5
3,pgadmin,19.577,query,854268912,6,9.5461,55.7
3,pgadmin,19.832,query,859741216,6,9.6935,58.2
3,pgadmin,20.087,query,868293664,6,9.8689,67.9
3,pgadmin,20.342,query,871865376,6,9.9647,37.7
3,pgadmin,20.594,query,875666464,6,10.0902,50.1
3,pgadmin,20.849,query,873995296,6,10.2686,69.9
3,pgadmin,21.100,query,882826272,6,10.4337,66.8
3,pgadmin,21.355,query,880401416,6,10.8495,161.0
3,pgadmin,21.610,query,882531360,6,11.0023,59.6
3,pgadmin,21.866,query,882449440,6,11.0761,28.7
3,pgadmin,22.120,query,886234144,6,11.2484,68.0
3,pgadmin,22.376,query,887102496,6,11.4262,70.9
3,pgadmin,22.630,query,887036960,6,11.5145,34.5
3,pgadmin,22.885,query,884562976,6,11.5476,12.9
3,pgadmin,23.140,after-query,884562976,6,11.5760,11.3
3,pgadmin,23.395,after-query,884562976,6,11.6036,10.6
3,pgadmin,23.650,after-query,884562976,6,11.6313,10.8
3,pgadmin,23.901,after-query,858070000,6,11.6938,25.3
3,pgadmin,24.156,after-query,858037232,6,11.7172,9.0
3,pgadmin,24.411,after-query,858037232,6,11.7382,8.4
3,pgadmin,24.666,after-query,858070000,6,11.7666,11.1
3,pgadmin,24.922,after-query,856464368,6,11.7888,8.8
3,pgadmin,25.177,after-query,856464368,6,11.8139,9.7
3,pgadmin,25.432,after-query,856464368,6,11.8403,10.4
3,pgadmin,25.687,after-query,856480752,6,11.8647,9.4
3,pgadmin,25.943,after-query,856480752,6,11.9210,22.2
3,pgadmin,26.196,after-query,832658416,6,11.9464,10.3
3,pgadmin,26.451,after-query,832674800,6,11.9689,8.7
3,pgadmin,26.706,after-query,832642032,6,11.9925,9.2
3,pgadmin,26.960,after-query,832642032,6,12.0175,9.9
3,pgadmin,27.212,after-query,832658416,6,12.0449,10.9
3,pgadmin,27.467,after-query,832658416,6,12.0709,10.3
3,dbgate,0.255,launch,9585528,1,0.1047,
3,dbgate,0.510,launch,52710472,3,0.3854,108.6
3,dbgate,0.765,launch,80972944,3,0.5891,79.7
3,dbgate,1.018,settle,208048880,4,0.9480,141.7
3,dbgate,1.271,settle,273471464,5,1.3681,167.4
3,dbgate,1.521,settle,597484496,8,2.3233,377.9
3,dbgate,1.774,settle,629368240,8,2.8300,202.3
3,dbgate,2.024,settle,631662000,8,2.8638,13.5
3,dbgate,2.280,settle,632153520,8,2.9194,21.7
3,dbgate,2.535,settle,629302704,8,2.9417,8.7
3,dbgate,2.789,settle,621225392,8,2.9533,4.6
3,dbgate,3.045,settle,621307312,8,2.9757,8.6
3,dbgate,3.300,settle,621290928,8,2.9915,6.2
3,dbgate,3.555,settle,616572336,8,3.0107,7.5
3,dbgate,3.806,settle,606578096,8,3.0251,5.7
3,dbgate,4.062,settle,595748200,8,3.0465,8.4
3,dbgate,4.313,settle,595731816,8,3.0612,5.9
3,dbgate,4.568,settle,595748200,8,3.0769,6.1
3,dbgate,4.824,settle,595748200,8,3.0924,6.1
3,dbgate,5.079,settle,595764584,8,3.1162,9.2
3,dbgate,5.331,settle,595748200,8,3.1306,5.8
3,dbgate,5.587,settle,595699048,8,3.1533,8.8
3,dbgate,5.840,settle,595699048,8,3.1662,5.3
3,dbgate,6.095,query,595666304,8,3.1805,5.6
3,dbgate,6.349,query,595666304,8,3.1930,4.8
3,dbgate,6.601,query,574236032,8,3.2171,9.7
3,dbgate,6.856,query,574236032,8,3.2318,5.6
3,dbgate,7.110,query,515057024,8,3.2567,9.9
3,dbgate,7.365,query,477930880,8,3.2696,5.1
3,dbgate,7.620,query,477930880,8,3.2914,8.5
3,dbgate,7.875,query,477963648,8,3.3039,5.0
3,dbgate,8.133,query,477980032,8,3.3206,6.3
3,dbgate,8.388,query,477980032,8,3.3391,7.4
3,dbgate,8.643,query,477963648,8,3.3581,7.4
3,dbgate,8.898,query,477980032,8,3.3760,7.0
3,dbgate,9.153,query,477963648,8,3.3917,6.2
3,dbgate,9.406,query,478012800,8,3.4050,5.4
3,dbgate,9.661,query,477996416,8,3.4198,5.8
3,dbgate,9.916,query,478012800,8,3.4326,5.1
3,dbgate,10.171,query,477996416,8,3.4480,6.0
3,dbgate,10.422,query,478012800,8,3.4617,5.5
3,dbgate,10.673,query,477996416,8,3.4758,5.6
3,dbgate,10.924,query,478012800,8,3.4903,5.8
3,dbgate,11.179,query,477996416,8,3.5033,5.1
3,dbgate,11.431,query,478012824,8,3.5180,5.9
3,dbgate,11.685,query,478029208,8,3.5329,5.8
3,dbgate,11.938,query,540894616,8,3.5931,23.4
3,dbgate,12.194,query,606922136,8,3.6663,28.8
3,dbgate,12.449,query,606905752,8,3.6785,4.8
3,dbgate,12.701,query,607626648,8,3.7226,17.4
3,dbgate,12.956,query,607479192,8,3.7453,9.0
3,dbgate,13.211,query,656419352,9,4.0404,115.6
3,dbgate,13.466,query,740682432,9,4.3832,134.7
3,dbgate,13.722,query,742107840,9,4.4380,21.4
3,dbgate,13.973,query,742107840,9,4.4545,6.6
3,dbgate,14.224,query,751954624,9,4.7261,108.2
3,dbgate,14.480,query,761948912,9,4.9598,92.6
3,dbgate,14.735,query,773876464,9,5.2013,93.4
3,dbgate,14.989,query,779250440,9,5.4195,85.7
3,dbgate,15.244,query,785754912,9,5.7255,119.7
3,dbgate,15.498,query,786066208,9,5.9528,89.7
3,dbgate,15.753,query,786213664,9,6.1533,77.8
3,dbgate,16.006,query,786230048,9,6.3386,73.8
3,dbgate,16.260,query,788179744,9,6.5058,66.1
3,dbgate,16.515,query,791604000,9,6.6490,56.1
3,dbgate,16.769,query,795011872,9,6.7859,54.1
3,dbgate,17.024,query,798239520,9,6.9068,47.3
3,dbgate,17.279,query,802892576,9,7.0564,58.2
3,dbgate,17.531,query,809020192,9,7.2152,63.6
3,dbgate,17.781,query,811019040,9,7.3121,38.6
3,dbgate,18.036,query,788228896,9,7.4778,65.9
3,dbgate,18.288,query,791866144,9,7.6074,50.8
3,dbgate,18.540,query,715189024,9,7.7212,45.0
3,dbgate,18.793,query,708455224,9,7.8732,60.6
3,dbgate,19.047,query,711125816,9,7.9945,47.3
3,dbgate,19.302,query,712108856,9,8.0568,24.4
3,dbgate,19.557,after-query,711666488,9,8.0795,8.9
3,dbgate,19.813,after-query,711109432,9,8.1026,9.0
3,dbgate,20.068,after-query,708635448,9,8.1229,8.0
3,dbgate,20.323,after-query,703376184,9,8.1388,6.2
3,dbgate,20.578,after-query,703540024,9,8.1529,5.5
3,dbgate,20.834,after-query,703540024,9,8.1738,8.2
3,dbgate,21.089,after-query,684944160,9,8.1937,7.9
3,dbgate,21.344,after-query,685026080,9,8.2174,9.1
3,dbgate,21.599,after-query,685026080,9,8.2326,6.1
3,dbgate,21.854,after-query,682928928,9,8.2535,7.9
3,dbgate,22.109,after-query,682912544,9,8.2684,6.0
3,dbgate,22.365,after-query,682896160,9,8.2843,6.3
3,dbgate,22.620,after-query,682912544,9,8.3039,7.7
3,dbgate,22.875,after-query,682896160,9,8.3181,5.5
3,dbgate,23.131,after-query,682879776,9,8.3331,5.8
3,dbgate,23.386,after-query,682896160,9,8.3505,6.9
3,dbgate,23.641,after-query,669756192,9,8.3699,7.6
3,dbgate,23.896,after-query,669739808,9,8.3871,6.7
3,pgpad,0.253,launch,17204160,1,0.1277,
3,pgpad,0.503,settle,47237688,4,0.4009,92.5
3,pgpad,0.758,settle,50416304,4,0.4883,35.7
3,pgpad,1.014,settle,231558816,5,0.7925,117.2
3,pgpad,1.269,settle,231018144,5,0.7942,0.7
3,pgpad,1.524,settle,225529504,5,0.8017,2.9
3,pgpad,1.774,settle,222006944,5,0.8202,7.4
3,pgpad,2.025,settle,221695648,5,0.8241,1.5
3,pgpad,2.280,settle,157978272,5,0.8290,1.9
3,pgpad,2.532,settle,157437600,5,0.8304,0.6
3,pgpad,2.788,settle,157388448,5,0.8313,0.4
3,pgpad,3.040,settle,157388448,5,0.8319,0.2
3,pgpad,3.291,settle,157159072,5,0.8327,0.3
3,pgpad,3.547,settle,157126304,5,0.8334,0.3
3,pgpad,3.802,settle,157126304,5,0.8337,0.1
3,pgpad,4.057,settle,157126304,5,0.8339,0.1
3,pgpad,4.312,settle,157126304,5,0.8343,0.1
3,pgpad,4.568,settle,157126304,5,0.8346,0.1
3,pgpad,4.823,settle,157126304,5,0.8346,0.0
3,pgpad,5.078,settle,157126304,5,0.8346,0.0
3,pgpad,5.332,settle,157011616,5,0.8353,0.3
3,pgpad,5.585,query,157060768,5,0.8409,2.2
3,pgpad,5.840,query,156962464,5,0.8413,0.2
3,pgpad,6.091,query,156978848,5,0.8419,0.2
3,pgpad,6.346,query,156782240,5,0.8425,0.2
3,pgpad,6.600,query,156782240,5,0.8428,0.1
3,pgpad,6.855,query,156700320,5,0.8432,0.2
3,pgpad,7.110,query,156700320,5,0.8433,0.0
3,pgpad,7.365,query,156700320,5,0.8433,0.0
3,pgpad,7.616,query,156585632,5,0.8434,0.0
3,pgpad,7.871,query,156585632,5,0.8434,0.0
3,pgpad,8.125,query,156585632,5,0.8434,0.0
3,pgpad,8.380,query,156585632,5,0.8434,0.0
3,pgpad,8.633,query,156585632,5,0.8435,0.0
3,pgpad,8.883,query,156421792,5,0.8493,2.4
3,pgpad,9.134,query,156552864,5,0.8576,3.3
3,pgpad,9.388,query,156552864,5,0.8592,0.7
3,pgpad,9.641,query,156552864,5,0.8600,0.3
3,pgpad,9.896,query,156552864,5,0.8607,0.2
3,pgpad,10.149,query,156552864,5,0.8611,0.2
3,pgpad,10.404,query,156552864,5,0.8616,0.2
3,pgpad,10.658,query,229576376,5,0.8846,9.1
3,pgpad,10.913,query,287149848,5,1.0010,45.0
3,pgpad,11.168,query,287084312,5,1.0173,6.3
3,pgpad,11.423,query,286986008,5,1.0237,2.5
3,pgpad,11.679,query,286789400,5,1.0273,1.4
3,pgpad,11.934,query,287821592,5,1.0682,16.0
3,pgpad,12.186,query,241799512,6,1.1575,36.1
3,pgpad,12.441,query,260477320,6,1.2459,33.8
3,pgpad,12.694,query,260477320,6,1.2487,1.1
3,pgpad,12.949,query,263934368,6,1.2910,16.3
3,pgpad,13.204,query,263623072,6,1.2936,1.0
3,pgpad,13.460,query,262689184,6,1.3172,9.3
3,pgpad,13.715,query,262853024,6,1.3432,10.1
3,pgpad,13.970,query,262803872,6,1.3480,1.9
3,pgpad,14.222,query,222400928,6,1.3494,0.5
3,pgpad,14.474,query,359518744,6,1.6595,124.7
3,pgpad,14.729,query,359485976,6,1.6620,1.0
3,pgpad,14.981,query,355111448,6,1.6740,4.8
3,pgpad,15.232,query,354521624,6,1.6767,1.1
3,pgpad,15.487,query,352588312,6,1.6881,4.5
3,pgpad,15.742,query,277631512,6,1.6924,1.7
3,pgpad,15.998,query,264294936,6,1.6942,0.7
3,pgpad,16.253,query,264983064,6,1.7040,3.8
3,pgpad,16.508,query,389091888,6,1.7942,36.3
3,pgpad,16.760,query,388977224,6,1.8110,6.6
3,pgpad,17.015,query,394220104,6,1.8964,33.4
3,pgpad,17.266,query,395399752,6,1.9127,6.6
3,pgpad,17.521,query,399938120,6,1.9907,30.7
3,pgpad,17.776,query,399905352,6,1.9930,0.9
3,pgpad,18.031,query,402494024,6,2.0191,10.2
3,pgpad,18.286,after-query,405000776,6,2.0947,29.9
3,pgpad,18.540,after-query,390828616,6,2.0978,1.2
3,pgpad,18.793,after-query,390648392,6,2.1014,1.4
3,pgpad,19.048,after-query,390074952,6,2.1031,0.7
3,pgpad,19.303,after-query,291557960,6,2.1061,1.2
3,pgpad,19.557,after-query,271389256,6,2.1075,0.5
3,pgpad,19.813,after-query,271372872,6,2.1080,0.2
3,pgpad,20.068,after-query,271372872,6,2.1087,0.2
3,pgpad,20.323,after-query,271340104,6,2.1090,0.1
3,pgpad,20.574,after-query,271258184,6,2.1095,0.2
3,pgpad,20.829,after-query,271241800,6,2.1098,0.1
3,pgpad,21.081,after-query,271192648,6,2.1166,2.7
3,pgpad,21.333,after-query,271192648,6,2.1172,0.2
3,pgpad,21.588,after-query,271143496,6,2.1182,0.4
3,pgpad,21.841,after-query,271143496,6,2.1191,0.4
3,pgpad,22.096,after-query,271127112,6,2.1202,0.4
3,pgpad,22.349,after-query,271127112,6,2.1207,0.2
3,pgpad,22.605,after-query,271077960,6,2.1212,0.2
3,pgpad,22.858,after-query,271077960,6,2.1214,0.0
3,pgpad,23.110,after-query,271077960,6,2.1214,0.0
3,pgpad,23.365,after-query,271077960,6,2.1214,0.0
3,pgpad,23.620,after-query,270930504,6,2.1217,0.1
3,dbeaver,0.251,launch,17154936,1,0.1000,
3,dbeaver,0.504,launch,60556224,1,0.4916,151.9
3,dbeaver,0.758,launch,104940576,1,1.0898,237.1
3,dbeaver,1.013,launch,133727312,1,1.6362,213.0
3,dbeaver,1.264,launch,157320272,1,2.2783,261.7
3,dbeaver,1.514,launch,177440064,1,2.8865,237.9
3,dbeaver,1.770,launch,212010352,1,3.7673,340.2
3,dbeaver,2.025,launch,250594696,1,4.2361,186.9
3,dbeaver,2.280,launch,268961160,1,4.7965,219.6
3,dbeaver,2.535,launch,279577992,1,5.5689,304.3
3,dbeaver,2.790,launch,289097096,1,6.4454,341.4
3,dbeaver,3.045,launch,320275896,1,7.3850,370.7
3,dbeaver,3.300,launch,330450360,1,8.1450,295.7
3,dbeaver,3.552,launch,343918488,1,8.6525,203.5
3,dbeaver,3.807,settle,842910336,2,9.2520,227.5
3,dbeaver,4.058,settle,840829640,2,10.1184,359.7
3,dbeaver,4.313,settle,1006439112,2,10.7964,262.8
3,dbeaver,4.568,settle,1070156488,2,11.0731,108.2
3,dbeaver,4.823,settle,1067109064,2,11.6747,235.9
3,dbeaver,5.078,settle,1006799560,2,11.7601,33.5
3,dbeaver,5.333,settle,976964296,2,11.7910,11.9
3,dbeaver,5.585,settle,866011848,2,11.8112,8.1
3,dbeaver,5.835,settle,787696328,2,11.8257,5.8
3,dbeaver,6.090,settle,723077832,2,11.8403,5.8
3,dbeaver,6.344,settle,723339976,2,11.8471,2.6
3,dbeaver,6.600,settle,723339976,2,11.8661,7.4
3,dbeaver,6.852,settle,723356360,2,11.8726,2.6
3,dbeaver,7.108,settle,723356360,2,11.8964,9.5
3,dbeaver,7.363,settle,723356360,2,11.9039,2.9
3,dbeaver,7.618,settle,723356360,2,11.9226,7.1
3,dbeaver,7.872,settle,723356360,2,11.9271,1.8
3,dbeaver,8.128,settle,723356360,2,11.9484,8.2
3,dbeaver,8.383,settle,723356360,2,11.9602,4.7
3,dbeaver,8.636,settle,723274440,2,11.9757,6.1
3,dbeaver,8.890,query,723274440,2,11.9814,2.3
3,dbeaver,9.143,query,723045064,2,11.9899,3.3
3,dbeaver,9.397,query,723045064,2,12.0003,4.0
3,dbeaver,9.653,query,722864840,2,12.0103,4.0
3,dbeaver,9.908,query,722864840,2,12.0216,4.4
3,dbeaver,10.160,query,722913992,2,12.0283,2.7
3,dbeaver,10.415,query,722913992,2,12.0425,5.5
3,dbeaver,10.671,query,722913992,2,12.0498,2.9
3,dbeaver,10.926,query,722913992,2,12.0661,6.3
3,dbeaver,11.182,query,722897608,2,12.0747,3.4
3,dbeaver,11.435,query,722897608,2,12.0883,5.4
3,dbeaver,11.690,query,722913992,2,12.0990,4.2
3,dbeaver,11.945,query,722913992,2,12.1096,4.2
3,dbeaver,12.200,query,722930376,2,12.1215,4.7
3,dbeaver,12.455,query,722930376,2,12.1282,2.6
3,dbeaver,12.710,query,722930376,2,12.1370,3.5
3,dbeaver,12.960,query,722946760,2,12.1427,2.3
3,dbeaver,13.215,query,722946760,2,12.1501,2.9
3,dbeaver,13.470,query,722946760,2,12.1574,2.9
3,dbeaver,13.725,query,722946760,2,12.1667,3.7
3,dbeaver,13.976,query,723126960,2,12.1924,10.3
3,dbeaver,14.227,query,723077760,2,12.2037,4.5
3,dbeaver,14.482,query,761924224,2,12.2747,27.2
3,dbeaver,14.738,query,803949184,2,12.3434,27.0
3,dbeaver,14.992,query,804260480,2,12.4994,61.6
3,dbeaver,15.244,query,763251328,2,12.5265,10.7
3,dbeaver,15.499,query,763251328,2,12.5512,9.7
3,dbeaver,15.754,query,763415168,2,12.5925,16.2
3,dbeaver,16.009,query,723012224,2,12.6066,5.5
3,dbeaver,16.264,query,723012224,2,12.6138,2.8
3,dbeaver,16.519,query,722324096,2,12.6338,7.8
3,dbeaver,16.775,query,819399296,2,13.1508,203.6
3,dbeaver,17.030,query,982452864,2,13.8868,288.6
3,dbeaver,17.285,query,988088960,2,14.4260,210.0
3,dbeaver,17.537,query,995838616,2,14.5549,51.4
3,dbeaver,17.792,query,932776600,2,14.6417,34.0
3,dbeaver,18.044,query,932776600,2,14.6514,3.8
3,dbeaver,18.295,query,878070448,2,14.6913,16.1
3,dbeaver,18.549,query,747752112,2,14.8253,52.8
3,dbeaver,18.802,query,747932336,2,14.9167,36.0
3,dbeaver,19.055,query,741477040,2,15.0222,41.4
3,dbeaver,19.308,query,752896688,2,15.1354,45.4
3,dbeaver,19.561,query,752831152,2,15.2178,32.3
3,dbeaver,19.817,query,752880304,2,15.3203,39.0
3,dbeaver,20.071,query,753011376,2,15.4942,70.2
3,dbeaver,20.327,query,753126064,2,15.5836,35.0
3,dbeaver,20.582,query,751192728,2,15.7213,54.0
3,dbeaver,20.833,query,751225496,2,15.7876,26.4
3,dbeaver,21.086,query,859474584,2,15.9973,83.6
3,dbeaver,21.341,query,859097752,2,16.0619,24.7
3,dbeaver,21.596,query,857000600,2,16.1631,40.5
3,dbeaver,21.851,query,852839064,2,16.1967,13.1
3,dbeaver,22.104,query,852806296,2,16.2687,28.7
3,dbeaver,22.356,query,744065688,2,16.3225,21.3
3,dbeaver,22.610,after-query,744065688,2,16.3296,2.8
3,dbeaver,22.866,after-query,744016536,2,16.3423,5.0
3,dbeaver,23.121,after-query,741591704,2,16.3517,3.6
3,dbeaver,23.376,after-query,730270360,2,16.3657,5.4
3,dbeaver,23.632,after-query,730286744,2,16.3756,3.9
3,dbeaver,23.887,after-query,730303128,2,16.3875,4.7
3,dbeaver,24.142,after-query,730204824,2,16.3930,2.1
3,dbeaver,24.394,after-query,730204824,2,16.4056,5.0
3,dbeaver,24.648,after-query,730253976,2,16.4197,5.6
3,dbeaver,24.903,after-query,730253976,2,16.4333,5.3
3,dbeaver,25.159,after-query,730253976,2,16.4397,2.5
3,dbeaver,25.414,after-query,730253976,2,16.4493,3.7
3,dbeaver,25.669,after-query,730303128,2,16.4662,6.7
3,dbeaver,25.925,after-query,730303128,2,16.4739,3.0
3,dbeaver,26.175,after-query,730106496,2,16.4844,4.2
3,dbeaver,26.429,after-query,730106496,2,16.4913,2.8
3,dbeaver,26.684,after-query,730106496,2,16.5030,4.5
3,dbeaver,26.940,after-query,730106496,2,16.5168,5.4
4,dbgate,0.254,launch,7766928,1,0.0947,
4,dbgate,0.509,launch,47827488,3,0.3304,91.1
4,dbgate,0.764,launch,81562768,3,0.5328,79.2
4,dbgate,1.019,settle,156996288,4,0.8802,136.0
4,dbgate,1.274,settle,252253680,5,1.2780,155.9
4,dbgate,1.528,settle,577233752,8,2.1486,341.3
4,dbgate,1.783,settle,628631008,8,2.8542,282.0
4,dbgate,2.038,settle,628712928,8,2.8912,14.2
4,dbgate,2.293,settle,629073376,8,2.9525,23.9
4,dbgate,2.545,settle,629204448,8,3.0084,22.2
4,dbgate,2.800,settle,626730464,8,3.0935,33.5
4,dbgate,3.053,settle,626746848,8,3.1229,11.6
4,dbgate,3.308,settle,626812384,8,3.1532,12.0
4,dbgate,3.563,settle,626845152,8,3.1898,14.3
4,dbgate,3.818,settle,626845152,8,3.2067,6.6
4,dbgate,4.073,settle,603448776,8,3.2304,9.4
4,dbgate,4.329,settle,603432392,8,3.2465,6.2
4,dbgate,4.579,settle,603432392,8,3.2655,7.6
4,dbgate,4.834,settle,598631880,8,3.2805,5.9
4,dbgate,5.089,settle,598648264,8,3.3027,8.8
4,dbgate,5.344,settle,598631880,8,3.3157,5.0
4,dbgate,5.600,settle,598631880,8,3.3358,7.9
4,dbgate,5.854,settle,598582728,8,3.3516,6.2
4,dbgate,6.108,query,598615496,8,3.3686,6.9
4,dbgate,6.363,query,598599112,8,3.3811,4.9
4,dbgate,6.618,query,577349064,8,3.4082,10.5
4,dbgate,6.873,query,577054152,8,3.4226,5.6
4,dbgate,7.124,query,514844104,8,3.4498,10.7
4,dbgate,7.379,query,509388232,8,3.4641,5.7
4,dbgate,7.635,query,509388232,8,3.4830,7.2
4,dbgate,7.889,query,477734344,8,3.5024,7.7
4,dbgate,8.144,query,477750728,8,3.5230,8.1
4,dbgate,8.399,query,477734344,8,3.5371,5.4
4,dbgate,8.653,query,477783496,8,3.5589,8.6
4,dbgate,8.908,query,477767112,8,3.5756,6.5
4,dbgate,9.164,query,477783496,8,3.5918,6.4
4,dbgate,9.414,query,477767112,8,3.6047,5.3
4,dbgate,9.666,query,477783496,8,3.6232,7.3
4,dbgate,9.918,query,477799880,8,3.6363,5.2
4,dbgate,10.170,query,477799880,8,3.6501,5.5
4,dbgate,10.426,query,477799880,8,3.6623,4.8
4,dbgate,10.679,query,477783496,8,3.6760,5.4
4,dbgate,10.934,query,477783496,8,3.6884,4.8
4,dbgate,11.189,query,477750728,8,3.7024,5.5
4,dbgate,11.440,query,477799880,8,3.7158,5.3
4,dbgate,11.692,query,477783496,8,3.7317,6.3
4,dbgate,11.945,query,540894664,8,3.7845,21.0
4,dbgate,12.200,query,541631944,8,3.8183,13.0
4,dbgate,12.454,query,597665224,8,3.8755,22.6
4,dbgate,12.709,query,598959560,8,3.9144,15.2
4,dbgate,12.962,query,598320584,8,3.9382,9.5
4,dbgate,13.214,query,655960648,9,4.2025,105.8
4,dbgate,13.465,query,685370048,9,4.5069,121.4
4,dbgate,13.720,query,708340416,9,4.6111,40.1
4,dbgate,13.971,query,708324032,9,4.6272,6.5
4,dbgate,14.226,query,713435840,9,4.7672,54.7
4,dbgate,14.479,query,731687640,9,5.0730,120.6
4,dbgate,14.729,query,739060440,9,5.3646,117.9
4,dbgate,14.985,query,739338968,9,5.5909,88.2
4,dbgate,15.240,query,743860952,9,5.8395,98.2
4,dbgate,15.493,query,752462576,9,6.0844,95.7
4,dbgate,15.748,query,756984560,9,6.3046,86.7
4,dbgate,16.004,query,764930800,9,6.4877,71.5
4,dbgate,16.259,query,769993456,9,6.6756,73.9
4,dbgate,16.512,query,776661768,9,6.8033,50.3
4,dbgate,16.763,query,781511432,9,6.9445,56.5
4,dbgate,17.018,query,785672992,9,7.0814,53.5
4,dbgate,17.270,query,787180320,9,7.2843,80.5
4,dbgate,17.525,query,787344160,9,7.4270,55.1
4,dbgate,17.779,query,787376928,9,7.5133,34.7
4,dbgate,18.034,query,760392480,9,7.6746,61.3
4,dbgate,18.286,query,760212256,9,7.8096,54.6
4,dbgate,18.541,query,740829984,9,7.9132,41.1
4,dbgate,18.793,query,695135008,9,8.0840,67.7
4,dbgate,19.046,query,695560992,9,8.2066,48.7
4,dbgate,19.301,query,695839520,9,8.2988,35.9
4,dbgate,19.554,after-query,684288800,9,8.3215,9.0
4,dbgate,19.809,after-query,683748128,9,8.3451,9.1
4,dbgate,20.060,after-query,681274144,9,8.3606,6.2
4,dbgate,20.315,after-query,676047648,9,8.3787,7.1
4,dbgate,20.568,after-query,676064032,9,8.3943,6.2
4,dbgate,20.819,after-query,676096800,9,8.4149,8.2
4,dbgate,21.075,after-query,658271008,9,8.4334,7.2
4,dbgate,21.330,after-query,658320160,9,8.4553,8.7
4,dbgate,21.582,after-query,658336544,9,8.4724,6.5
4,dbgate,21.835,after-query,658893600,9,8.4892,7.0
4,dbgate,22.090,after-query,658811680,9,8.5060,6.5
4,dbgate,22.345,after-query,658795296,9,8.5230,6.6
4,dbgate,22.600,after-query,658795296,9,8.5376,5.9
4,dbgate,22.855,after-query,658762528,9,8.5575,7.7
4,dbgate,23.108,after-query,658778912,9,8.5756,7.2
4,dbgate,23.362,after-query,658762528,9,8.5923,6.5
4,dbgate,23.617,after-query,658778912,9,8.6075,5.9
4,dbgate,23.872,after-query,658778912,9,8.6238,6.4
4,dbgate,24.125,after-query,658664224,9,8.6383,5.8
4,pgpad,0.251,launch,17499120,2,0.1305,
4,pgpad,0.506,settle,47598112,4,0.3925,101.4
4,pgpad,0.761,settle,53119736,4,0.4873,37.0
4,pgpad,1.014,settle,236588704,5,0.7803,115.0
4,pgpad,1.269,settle,236392096,5,0.7826,0.9
4,pgpad,1.523,settle,230887072,5,0.7921,3.7
4,pgpad,1.774,settle,227102368,5,0.8099,7.0
4,pgpad,2.025,settle,227233440,5,0.8137,1.6
4,pgpad,2.279,settle,159125152,5,0.8174,1.4
4,pgpad,2.535,settle,158043808,5,0.8193,0.7
4,pgpad,2.790,settle,157912736,5,0.8202,0.4
4,pgpad,3.045,settle,158158496,5,0.8206,0.2
4,pgpad,3.300,settle,158027424,5,0.8213,0.3
4,pgpad,3.555,settle,157978272,5,0.8217,0.1
4,pgpad,3.809,settle,157978272,5,0.8220,0.1
4,pgpad,4.062,settle,157978272,5,0.8225,0.2
4,pgpad,4.317,settle,157978272,5,0.8228,0.1
4,pgpad,4.573,settle,157978272,5,0.8230,0.1
4,pgpad,4.828,settle,157978272,5,0.8230,0.0
4,pgpad,5.081,settle,157978272,5,0.8230,0.0
4,pgpad,5.335,settle,157978272,5,0.8235,0.2
4,pgpad,5.588,query,157781664,5,0.8305,2.8
4,pgpad,5.842,query,157765280,5,0.8307,0.1
4,pgpad,6.095,query,157666976,5,0.8315,0.3
4,pgpad,6.350,query,157634208,5,0.8317,0.1
4,pgpad,6.604,query,157535904,5,0.8321,0.2
4,pgpad,6.857,query,157453984,5,0.8325,0.2
4,pgpad,7.112,query,157453984,5,0.8325,0.0
4,pgpad,7.367,query,157453984,5,0.8325,0.0
4,pgpad,7.623,query,157404832,5,0.8327,0.0
4,pgpad,7.876,query,157404832,5,0.8327,0.0
4,pgpad,8.131,query,157404832,5,0.8327,0.0
4,pgpad,8.386,query,157404832,5,0.8327,0.0
4,pgpad,8.641,query,157404832,5,0.8327,0.0
4,pgpad,8.896,query,157208224,5,0.8383,2.3
4,pgpad,9.151,query,157355680,5,0.8466,3.2
4,pgpad,9.403,query,157306528,5,0.8489,0.9
4,pgpad,9.658,query,157290144,5,0.8496,0.3
4,pgpad,9.912,query,157290144,5,0.8503,0.3
4,pgpad,10.167,query,157290144,5,0.8509,0.2
4,pgpad,10.422,query,157273760,5,0.8515,0.2
4,pgpad,10.676,query,235343520,5,0.8816,11.8
4,pgpad,10.931,query,243994272,5,0.9920,42.9
4,pgpad,11.184,query,236768928,5,0.9977,2.3
4,pgpad,11.439,query,236768928,5,1.0012,1.4
4,pgpad,11.694,query,236555936,5,1.0040,1.1
4,pgpad,11.949,query,234344096,5,1.0341,11.7
4,pgpad,12.204,query,241242312,6,1.1431,43.8
4,pgpad,12.458,query,263049488,6,1.2128,26.5
4,pgpad,12.710,query,262754576,6,1.2152,1.0
4,pgpad,12.962,query,267702544,6,1.2653,19.9
4,pgpad,13.216,query,267604240,6,1.2686,1.3
4,pgpad,13.467,query,266768656,6,1.2896,8.3
4,pgpad,13.720,query,266850576,6,1.3237,13.6
4,pgpad,13.976,query,225317136,6,1.3282,1.7
4,pgpad,14.229,query,224874768,6,1.3299,0.7
4,pgpad,14.481,query,415322552,6,1.6633,132.4
4,pgpad,14.736,query,415306168,6,1.6672,1.5
4,pgpad,14.991,query,405295544,6,1.6785,4.4
4,pgpad,15.246,query,403231160,6,1.6810,1.0
4,pgpad,15.502,query,279204280,6,1.6936,4.9
4,pgpad,15.757,query,263393720,6,1.6980,1.7
4,pgpad,16.012,query,263393720,6,1.6995,0.6
4,pgpad,16.265,query,263360952,6,1.7119,5.0
4,pgpad,16.520,query,397447632,6,1.8120,38.7
4,pgpad,16.770,query,397906384,6,1.8221,4.0
4,pgpad,17.026,query,399364560,6,1.9084,33.7
4,pgpad,17.281,query,398856656,6,1.9204,4.8
4,pgpad,17.535,query,405705192,6,2.0126,36.2
4,pgpad,17.790,query,399512040,6,2.0231,4.1
4,pgpad,18.045,query,406589928,6,2.0473,9.4
4,pgpad,18.300,query,400904680,6,2.1217,29.6
4,pgpad,18.551,after-query,377049576,6,2.1253,1.4
4,pgpad,18.806,after-query,377016808,6,2.1293,1.6
4,pgpad,19.061,after-query,375558632,6,2.1314,0.8
4,pgpad,19.316,after-query,349000168,6,2.1346,1.3
4,pgpad,19.571,after-query,267424232,6,2.1362,0.6
4,pgpad,19.826,after-query,267424232,6,2.1371,0.3
4,pgpad,20.078,after-query,267407848,6,2.1378,0.3
4,pgpad,20.333,after-query,267309544,6,2.1382,0.2
4,pgpad,20.586,after-query,267309544,6,2.1385,0.1
4,pgpad,20.841,after-query,267293160,6,2.1388,0.1
4,pgpad,21.092,after-query,267244008,6,2.1458,2.8
4,pgpad,21.347,after-query,267244008,6,2.1465,0.3
4,pgpad,21.602,after-query,267145704,6,2.1471,0.2
4,pgpad,21.857,after-query,267145704,6,2.1481,0.4
4,pgpad,22.113,after-query,267227624,6,2.1486,0.2
4,pgpad,22.368,after-query,267227624,6,2.1491,0.2
4,pgpad,22.619,after-query,267227624,6,2.1494,0.1
4,pgpad,22.874,after-query,267227624,6,2.1495,0.0
4,pgpad,23.128,after-query,267227624,6,2.1495,0.0
4,pgpad,23.383,after-query,267227624,6,2.1495,0.0
4,pgpad,23.634,after-query,268816872,6,2.1500,0.2
